圖版,讀字,校本出處行,所屬章,校本原文,判定
32,藏凶,28886,序文／論說（未入屬類章）,或者從脾入心忽從心而及肺神之所屬是爲吉處藏凶餘可例推,相合（并說「吉處藏凶」）
33,藏吉,28891,序文／論說（未入屬類章）,或者從脾達腎忽而腎神所形轉入肝夢所屬是爲凶中藏吉餘可例推,相合（并說「凶中藏吉」）
37,相生之始／相尅／彼來生／彼來尅／復生而終／終,28900,序文／論說（未入屬類章）,凡人寢臥魂藏於肝肝爲諸神之主故夢中所形千變萬化錯綜混迭不可思議而一以肝神平實爲吉故或生中尅或尅中生或生生而復尅或尅尅而復生要以始終肝屬者則定夫生尅焉,相合（校本作相生／相尅／復生）
39,八卦,28806,卷二十四目錄,五神乘夢配八卦圖并說,從校本（圖上「八」磨損如「入」）
29,卷次（版心磨損）,28776,卷二十四目錄,〈夢林玄解卷之二十四目錄〉載「五神傳夢凶圖并說」,定為卷二十四
36,卷次（版心磨損）,28776,卷二十四目錄,〈夢林玄解卷之二十四目錄〉載「五神混傳迭化吉凶方圖并說」,定為卷二十四
38,土,28914,序文／論說（未入屬類章）,脾屬土旺於四季月及長夏在卦爲坤艮實則夢高陵大阜虚則夢土坼山崩平和則夢花堤柳陌坦道平沙,相合
38,四季,28914,序文／論說（未入屬類章）,脾屬土旺於四季月及長夏在卦爲坤艮實則夢高陵大阜虚則夢土坼山崩平和則夢花堤柳陌坦道平沙,相合
38,沙,28914,序文／論說（未入屬類章）,脾屬土旺於四季月及長夏在卦爲坤艮實則夢高陵大阜虚則夢土坼山崩平和則夢花堤柳陌坦道平沙,相合
38,歌舞,28972,脾屬之事,歌舞匠作笑,相合
38,飲食,28974,脾屬之事,飲食祭享身重,相合
38,中央,29168,脾屬之物,中央,相合
38,黃,29170,脾屬之物,黄色,相合
38,霧,29085,心屬之物,閃電霹靂煙霧,★圖文分歧（校本此字不屬脾章）
28,略列,—,—,全檔檢索「略列／臚列／曚列」＝0 處,校本不載，從圖版
