部位,類別,docx底本(原文),校本HY1523,底本段序
卷二十八,衍（校本有・底本無）,,虎枕安神辟夢說丹砂治惡夢說麝枕辟夢說懐夢草說龜玆枕說何姑廟祈夢說夢林玄解卷之二十八目錄卷之二十八夢林玄解卷之二十八,1
卷二十八,衍（校本有・底本無）,,夢禳,1
卷二十八,衍（校本有・底本無）,,寢室臥呪說人之寢室臥處須令高爽潔淨則地氣不及鬼吹不干凡鬼氣侵人每因臥榻低溼陰氣逆上以致神魄少寧外與内涉邪厲遊行遂多妄夢故,1
卷二十八,衍（校本有・底本無）,,臨臥諸忌說,1
卷二十八,衍（校本有・底本無）,,熱,1
卷二十八,衍（校本有・底本無）,,熱,1
卷二十八,字形異寫,摇,搖,1
卷二十八,字形異寫,慎,愼,1
卷二十八,異文（字數異）,敕,敇眞言說解辟惡夢符敇,1
卷二十八,字形異寫,户,戸,1
卷二十八,字形異寫,敕,敇,1
卷二十八,字形異寫,劍,劒,1
卷二十八,衍（校本有・底本無）,,思三台厭惡夢呪說凡書符頭上須用三台訣併附圖式于後,1
卷二十八,衍（校本有・底本無）,,寶號虚精,1
卷二十八,衍（校本有・底本無）,,寶號六淳又云六停,1
卷二十八,衍（校本有・底本無）,,寶號曲生,1
卷二十八,字形異寫,内,內,1
卷二十八,字形異寫,卽,即,1
卷二十八,字形異寫,步,歩,1
卷二十八,衍（校本有・底本無）,,計十道太上老君禳惡夢符呪,1
卷二十八,字形異寫,敕,敇,1
卷二十八,字形異寫,斷,㫁,1
卷二十八,衍（校本有・底本無）,,呪畢書符書過吾存心有赤氣如雞卵大從心仰上自中出漸覆是變火光周匝覺體小熱以齒叩之攝氣一口吹入符内依法或貼或戴仍用東流水向東,1
卷二十八,異文（字數異）,内,內絶三尸符呪辟夢說,1
卷二十八,字形異寫,卽,即,1
卷二十八,字形異寫,每,毎,1
卷二十八,字形異寫,每,毎,1
卷二十八,字形異寫,值,値,1
卷二十八,衍（校本有・底本無）,,又備禳解惡夢諸法,1
卷二十八,字形異寫,俎,爼,1
卷二十八,衍（校本有・底本無）,,帝一作底,1
卷二十八,字形異寫,俎,爼,1
卷二十八,字形異寫,脱,脫,1
卷二十八,字形異寫,并,竝,1
卷二十八,字形異寫,卽,即,1
卷二十八,字形異寫,脱,脫,1
卷二十八,字形異寫,每,毎,1
卷二十八,衍（校本有・底本無）,,北帝呪說,1
卷二十八,脫（校本無・底本有）,靈,,1
卷二十八,字形異寫,劍,劒,1
卷二十八,異文（字數異）,青,靑童口訣說大道眞君解夢靑,1
卷二十八,字形異寫,况,況,1
卷二十八,字形異寫,青,靑,1
卷二十八,字形異寫,卽,即,1
卷二十八,字形異寫,青,靑,1
卷二十八,衍（校本有・底本無）,,虎枕安神辟夢說,1
卷二十八,字形異寫,昂,昻,1
卷二十八,字形異寫,留,畱,1
卷二十八,衍（校本有・底本無）,,一法,1
卷二十八,衍（校本有・底本無）,,辰州者,1
卷二十八,衍（校本有・底本無）,,贛州者,1
卷二十八,衍（校本有・底本無）,,丹砂治惡夢說,1
卷二十八,脫（校本無・底本有）,靈,,1
卷二十八,字形異寫,卽,即,1
卷二十八,字形異寫,卽,即,1
卷二十八,衍（校本有・底本無）,,鵸䳜禦夢說,1
卷二十八,衍（校本有・底本無）,,麝枕辟夢說,1
卷二十八,衍（校本有・底本無）,,懷夢草說,1
卷二十八,字形異寫,懷,懐,1
卷二十八,字形異寫,改,攺,1
卷二十八,字形異寫,懷,懐,1
卷二十八,衍（校本有・底本無）,,龜玆枕說,1
卷二十八,字形異寫,爲,為,1
卷二十八,衍（校本有・底本無）,,何姑廟祈夢說,1
卷二十八,字形異寫,統,綂,1
卷二十八,衍（校本有・底本無）,,夢原引,1
卷二十八,字形異寫,删,刪,1
卷二十八,字形異寫,更,㪅,1
卷二十八,字形異寫,編,编,1
卷二十八,字形異寫,宜,㝖,1
卷二十八,字形異寫,編,编,1
卷二十八,字形異寫,裨,禆,1
卷二十八,字形異寫,蠹,螙,1
卷二十八,字形異寫,輯,辑,1
卷二十八,字形異寫,幻幻語,真真语,1
卷二十八,衍（校本有・底本無）,,自释典其實上古聖賢如風后刀牧伊尹傅说之儔眀良相際每每得渚夢寐且孔子至聖也其不為迂妄人所共信而亦以周公不,1
卷二十八,字形異寫,謂,谓,1
卷二十八,字形異寫,幻,真,1
卷二十八,字形異寫,歷,㦄,1
卷二十八,字形異寫,更,㪅,1
卷二十八,字形異寫,誣,诬,1
卷二十八,字形異寫,維,维,1
卷二十八,字形異寫,經,经,1
卷二十四尾,異文（字數異）,夢林玄解,卷之二十四,126
卷二十四尾,異文（字數異）,桞,柳圖一圖說五屬事物長柳,126
卷二十四尾,異文（字數異）,據,傳夢吉,126
卷二十四尾,異文（字數異）,端舊元有經世久湮埋今僅存此,說傳夢凶,126
卷二十四尾,異文（字數異）,得之雲山古塜惜乎其殘缺不全矣研心反覆數歷暑寒聊以臆解疣贅一二敢云獲古之心乎乃是所著之象則非沉於内觀探,說環傳夢吉圖說環傳夢凶圖說傳夢吉藏凶圖說傳夢凶藏吉圖說變傳夢吉圖說變傳夢凶圖說混傳迭化吉凶方圖說混傳迭化吉凶圓圖說因夢配,126
卷二十四尾,脫（校本無・底本有）,之根源者弗獲焉真絶代靈笈後有知者能測而識之古昔占夢之指庶幾復有繼起矣幸勿忽諸用心反复研究历经了好几个寒暑姑且凭借主观猜测,,126
卷二十四尾,脫（校本無・底本有）,屬本臓乃傳本神正氣旺是相生相生者爲吉爲休客邪勝是相尅相尅者爲凶爲悔正邪相乘生尅迭變意我人身上有五脏每个脏器都有五神五神有,,126
卷二十四尾,脫（校本無・底本有）,物則又凶矣或者從脾達腎忽而腎神所形轉入肝夢所屬是爲凶中藏吉餘可例推凡魂夢所形必竅自泥丸宮以爲,,126
卷二十四尾,脫（校本無・底本有）,出入之穴也或肝或心或脾或肺或腎隨所屬之神盛衰,,126
卷二十四尾,脫（校本無・底本有）,異而因想不同故夢中所見紛紛不一然必先發夢於肝屬者爲吉凡是魂魄梦境所呈现的必定是从泥丸宫开穴而出此处是五神往来出入的孔窍有,,126
卷二十四尾,脫（校本無・底本有）,属于肝的事物无法全部依此类推風雷橋风雷桥林木小儿书籍纸笔头眼睛肝胆手须发谷食蔬菜头巾帽子簪子布料丝绸绢帛丝绵被褥帐幔楼阁,,126
卷二十四尾,異文（字數異）,虚而夢寐反見煙雲旱熯之内微有涓涘若存若亡或聚或散此虚之,盛,126
卷二十四尾,脫（校本無・底本有）,也乃陽中伏陰猶火過極而爍金調劑之宜在人消息人之陰氣虚而夢寐反見洪流泛濫之中復生煙燄倏起倏滅似有似無此虚之極也乃陰中伏火猶,,126
卷二十四尾,異文（字數異）,據圖端舊元有經世久湮埋今僅存此圖得之雲山古塜惜乎其殘缺不全矣研心反覆數歷暑寒聊以臆解疣贅一二敢云獲古之心乎乃是所著之象則,陰,126
卷二十四尾,脫（校本無・底本有）,旺是相生相生者爲吉爲休客邪勝是相尅相尅者爲凶爲悔正邪相乘生尅迭變意我人身上有五脏每个脏器都有五神五神有五种运行变化人做梦,,126
卷二十四尾,異文（字數異）,五脏之间就会相生代表着吉祥和顺遂外界的邪气占据上风五脏之间就会相克代表着凶险和灾祸正邪相互作用生克交替变化这大概就是我们,極,126
卷二十四尾,異文（字數異）,於肝屬者爲吉凡是魂魄梦境所呈现的必定是从泥丸宫开穴而出此处是五神往来出入的孔窍有的是肝有的是心有的是脾有的是肺有的是肾随,圖,126
卷二十四尾,脫（校本無・底本有）,見八卦圖後肝屬木旺於春在卦爲震巽實則夢恚怒忿爭虚則夢林木枯槁平和則夢臺閣壯麗心屬火旺於夏在卦爲離實則夢大火燔灼瘡疽疼痛虚,,126
卷二十四尾,異文（字數異）,而,極轉,126
卷二十四尾,異文（字數異）,寐反見煙雲旱熯之内微有涓涘若存若亡或聚或散此虚之極也乃陽中伏陰猶火過極而爍金調劑之宜在人消息人之,圖說,126
卷二十四尾,異文（字數異）,而,極轉,126
卷二十四尾,異文（字數異）,寐反見洪流泛濫之中復生煙燄倏起倏滅似有似無此,圖說二氣盛衰傳夢圖說二氣,126
卷二十四尾,異文（字數異）,之極也乃陰中伏火猶水寒極而成冰攝養之方不思而得矣当人体的阴气虚亏时在睡梦中反而会在洪水泛滥之中又生出烟焰突然出现又突然消,實傳夢圖說二,126
卷二十四尾,脫（校本無・底本有）,旺水涸則血虚血虚則陽火愈熾陽盛則陰血愈虧二者不能兩立故夢寐亦應之惟見炎炎燎原勺水難制若能滋其真水以抑陽光則魂魄安而夢寐寧,,126
卷二十四尾,衍（校本有・底本無）,,見夢圖說,126
卷二十四尾,異文（字數異）,太過而無偏遜之情故,俱虚見,126
卷二十四尾,異文（字數異）,戰鬥不休交睫之頃紛紛亂亂惟在調其陰陽和其臟腑抑其有餘以協中道爲吉也凡夢中兩相畏縮此氣血衰微神形怯弱之兆或老年精元疲敝或少,圖說,126
