序,圖題（底本框内大字）,底注／用法,版心,結構（描述，不復原）,歸屬,來源截圖
1,劒訣式,—,不可辨,手印（劍訣）圖＋祥雲紋，非符形,卷28·書符劔訣式,https://www.genspark.ai/api/files/s/HVTdtzhd
2,三台訣式,符式圖左，計十道,夢禳,三台點書法訣：右點捻無名指／中點捻中指／左點捻食指（書法自左而右）,卷28·三台訣式,https://www.genspark.ai/api/files/s/UzVNbVML
3,魘天日風雨不祥之夢,—,—,三台點＋七星連線＋臺狀符身,卷28·厭惡夢符十道,https://www.genspark.ai/api/files/s/qQYhmxiP
4,魘山川橋路不祥之夢,—,夢林玄解／符式／夢禳,三台點＋三列三聯圓＋方格栅＋拱門（含鬼字）,卷28·厭惡夢符十道,https://www.genspark.ai/api/files/s/EP3bSbWT
5,魘人鬼仙佛不祥之夢,—,夢林玄解／卷二十八,三台點＋六圓斜交星圖＋門闕寬廓,卷28·厭惡夢符十道,https://www.genspark.ai/api/files/s/s3AZZgv9
6,魘服飾身體貌不祥之夢,—,夢林玄解／符式／夢禳,三台點＋三圓橫線＋田字格＋押煞符字,卷28·厭惡夢符十道,https://www.genspark.ai/api/files/s/1rAxatyP
7,魘房屋宅器皿不祥之夢,—,—,三台點＋十字星斗＋三口格＋門框,卷28·厭惡夢符十道,https://www.genspark.ai/api/files/s/uZDsD3lv
8,魘殺關刑獄不祥之夢,—,—,三台點＋放射星斗＋雙鬼耳＋中豎貫穿,卷28·厭惡夢符十道,https://www.genspark.ai/api/files/s/H91b0TSM
9,魘宴樂死喪不祥之夢,—,夢林玄解／卷二十八,三台點＋六星斗線＋九田字格＋回折台座,卷28·厭惡夢符十道,https://www.genspark.ai/api/files/s/zM6vKJxM
10,魘花果穀菜不祥之夢,—,—,三台點＋上圓懸筆＋鬼田格,卷28·厭惡夢符十道,https://www.genspark.ai/api/files/s/JPovXAhR
11,魘產孕財帛不祥之夢,—,—,三台點＋五星斗線＋交叉線,卷28·厭惡夢符十道,https://www.genspark.ai/api/files/s/Rg7KdWgD
12,魘水火盜賊不祥之夢,—,—,三台點＋三星弧線＋三行水火構件,卷28·厭惡夢符十道,https://www.genspark.ai/api/files/s/sP9TSyd7
13,子日符,黑書 貼門 又戴 一道,然消解回吉也 符十二道列於左方,三台點＋橫格門框＋雙足多折,卷28·逐日符十二道,https://www.genspark.ai/api/files/s/MeVq2v4A
14,丑日符,黑書 一道 戴之,—,三台點＋頂橫覆蓋＋雙鬼字,卷28·逐日符十二道,https://www.genspark.ai/api/files/s/AyHDOIjP
15,寅日符,黑書 一道 男戴 女貼牀,夢禳,三台點＋數重橫折＋門框鬼字,卷28·逐日符十二道,https://www.genspark.ai/api/files/s/cLZGmITh
16,卯日符,丹書 一道 貼門,—,三台點＋雙日格＋門框＋圓形鬼田,卷28·逐日符十二道,https://www.genspark.ai/api/files/s/zoxebuKo
17,辰日符,黑書 一道 貼門內,—,三台點＋橫門框＋長目格＋鬼字,卷28·逐日符十二道,https://www.genspark.ai/api/files/s/4IK4oz9R
18,巳日符,黑書 一道 貼壁,—,三台點＋左右橫柵＋三日格＋鬼字,卷28·逐日符十二道,https://www.genspark.ai/api/files/s/4ppjf382
19,午日符,黑書 一道 貼南壁,—,三台點＋門框內雙立柱＋四田格,卷28·逐日符十二道,https://www.genspark.ai/api/files/s/uflSRwVx
20,未日符,黑書 二道 戴之,—,三台點＋凸形橫格＋長目格＋鬼字,卷28·逐日符十二道,https://www.genspark.ai/api/files/s/NQbGSYI8
21,申日符,丹書 貼壁 男左 女右,—,三台點＋雙矩形符頭＋左三日右二田＋雷紋雲篆,卷28·逐日符十二道,https://www.genspark.ai/api/files/s/go5fe80x
22,酉日符,黑書 一道 戴之,—,三台點＋回紋雨頭＋網格田＋足狀線,卷28·逐日符十二道,https://www.genspark.ai/api/files/s/0MYWpqOy
23,戌日符,黑書 一道 貼西壁,—,三台點＋左「日日月」＋右匚包臣田＋雷符勾足,卷28·逐日符十二道,https://www.genspark.ai/api/files/s/32Q4r9de
24,亥日符,丹書 一道 安竈中,—,三台點＋雙門頭篆框＋梳齒橫劃＋雲篆,卷28·逐日符十二道,https://www.genspark.ai/api/files/s/Vn5GTm6c
25,斬上尸三蟲之符,—,—,平橫簷＋門形單邊框＋田格屈曲,卷28·斬三尸符三道,https://www.genspark.ai/api/files/s/SqltKqce
26,斬中尸三蟲之符（存疑：底本題「斬上尸」，於三道中居中）,—,—,兩端微挑＋層階折轉框＋內橫格波紋,卷28·斬三尸符三道,https://www.genspark.ai/api/files/s/msRVvLhf
27,斬下尸三蟲之符,—,—,兩端微挑＋多層直橫折角＋底波浪形,卷28·斬三尸符三道,https://www.genspark.ai/api/files/s/eX0hlUN2
28,五神傳夢吉圖,五臟之神發於夢寐，各有屬事…（旁註）,—,脾肺腎肝心 五環縱列相連,卷24·長柳圖,https://www.genspark.ai/api/files/s/jfozd3kD
29,五神傳夢凶圖,—,夢林玄解／卷二十八／圖說／夢占,脾腎心肺肝 五環縱列,卷24·長柳圖,https://www.genspark.ai/api/files/s/6urhJNut
30,五神環傳夢吉圖,—,—,肝心肺脾腎 五圓環狀相連，肝腎間雙環相扣,卷24·長柳圖,https://www.genspark.ai/api/files/s/cqryTJ2p
31,五神環傳夢凶圖,—,—,肺心腎脾肝 五環首尾環形相連,卷24·長柳圖,https://www.genspark.ai/api/files/s/7k9AFyyI
32,五神傳夢吉藏凶圖,—,夢林玄解／圖說,中央脾雙圈，外環心肺腎肝；右上標「藏凶」,卷24·長柳圖,https://www.genspark.ai/api/files/s/mjmFaDiG
33,五神傳夢凶藏吉圖,—,夢林玄解／卷二十四／圖說／夢占,心脾肺肝腎 五圓曲線網絡,卷24·長柳圖,https://www.genspark.ai/api/files/s/sXokyJ7r
34,五神變傳夢吉圖,—,—,六圓（五臟＋泥丸）直線交錯成五角星,卷24·長柳圖,https://www.genspark.ai/api/files/s/7pU85bF6
35,五神變傳夢凶圖,—,—,六圓曲折線交錯相連至泥丸,卷24·長柳圖,https://www.genspark.ai/api/files/s/5jNVbOhf
36,五神混傳迭化吉凶方圖,—,夢林玄解／卷二十八／圖說,5×5＝25 節點方陣；中心「肝」黑底白字,卷24·長柳圖,本輪未附截圖（據 docx 內嵌 image36.png 轉錄）
37,五神混傳迭化吉凶圓圖,—,夢林玄解／卷二十四／圖說／夢占,16 小圈繞中心黑圈螺旋；旁注「復繫／相生／被策剋／策剋」,卷24·長柳圖,https://www.genspark.ai/api/files/s/VnDBYmKU
38,五神因夢配五行圖,—,夢林玄解／卷二十四／圖說,三層同心圓分四方＋中央。肝木春青東風衣服屈伏御車｜心火夏赤南暍晴長捕捉｜脾土（囚困沙繫黃霖）｜肺金秋白西陰凍冷殺鬪搬運｜腎水冬黑北溺沒雨行走駕舟,卷24·長柳圖,https://www.genspark.ai/api/files/s/Z9IvyJp6
39,五神乘夢配八卦圖,—,—,中宮脾放射曲線連八卦（離坤兌乾坎艮震巽）與五臟,卷24·長柳圖,https://www.genspark.ai/api/files/s/T60aCE9P
40,陽氣盛極發夢圖,—,—,底圈「陽」＋泥丸＋白氣中火焰紋,卷24·二氣圖,https://www.genspark.ai/api/files/s/8Am8f63K
41,陰氣盛極發夢圖,—,—,底圈「陰」＋泥丸＋黑氣中水波水紋圓,卷24·二氣圖,https://www.genspark.ai/api/files/s/9gKU1cm7
42,陽氣虛極轉夢圖,—,夢林玄解／圖說,底圈「陽」＋泥丸＋曲折氣脈＋黑水波紋團,卷24·二氣圖,本輪未附截圖（據 docx 內嵌 image42.png 轉錄）
43,陰氣虛極轉夢圖,—,—,底圈「陰」＋泥丸＋黑漏斗氣中白色火形,卷24·二氣圖,https://www.genspark.ai/api/files/s/rwO633gt
44,二氣盛衰傳夢圖,—,—,雙立漏斗：左黑氣出水波（陰衰）／右白氣出火（陽盛）,卷24·二氣圖,https://www.genspark.ai/api/files/s/OrOywEKm
45,二氣虛實傳夢圖,—,—,雙立漏斗：左黑（陰實）／右白虛線火紋（陽虛）,卷24·二氣圖,https://www.genspark.ai/api/files/s/iwvKYuvr
46,二氣俱盛見夢圖,—,—,太極分黑白二氣，各繪持刀戰鬥武士,卷24·二氣圖,https://www.genspark.ai/api/files/s/d3COZXR0
47,二氣俱虛見夢圖,—,—,太極＋泥丸；兩圓內神人（左側立像／右展臂作勢）,卷24·二氣圖,本輪未附截圖（據 docx 內嵌 image47.png 轉錄
