序,映像檔,KB,圖題(已讀),結構註記
1,image1.png,148,劒訣式,手印（劍訣）圖，非符形；下方祥雲紋
2,image2.png,420,三台訣式,三台點書法訣（右點捻無名指／中點捻中指／左點捻食指）＋「符式圖左計十道」
3,image3.png,267,厭天日風雨不祥之夢,符頭三台點＋七星連線；臺狀符身；版心未見
4,image4.png,367,厭山川橋路不祥之夢,版心「夢林玄解／符式／夢禳」
5,image5.png,376,厭人鬼仙佛不祥之夢,版心「夢林玄解／卷二十八」
6,image6.png,362,厭服飾身體貌不祥之夢,版心「夢林玄解／符式／夢禳」
7,image7.png,326,未讀,待轉錄
8,image8.png,234,未讀,待轉錄
9,image9.png,377,未讀,待轉錄
10,image10.png,264,未讀,待轉錄
11,image11.png,234,未讀,待轉錄
12,image12.png,248,未讀,待轉錄
13,image13.png,287,未讀,待轉錄
14,image14.png,290,未讀,待轉錄
15,image15.png,340,未讀,待轉錄
16,image16.png,287,未讀,待轉錄
17,image17.png,278,未讀,待轉錄
18,image18.png,312,未讀,待轉錄
19,image19.png,241,未讀,待轉錄
20,image20.png,238,未讀,待轉錄
21,image21.png,297,逐日厭惡夢符（某日）,底注「丹書 貼壁 男左 女右」；頂欄日名漫漶
22,image22.png,243,未讀,待轉錄
23,image23.png,222,未讀,待轉錄
24,image24.png,228,未讀,待轉錄
25,image25.png,221,未讀,待轉錄
26,image26.png,232,未讀,待轉錄
27,image27.png,221,未讀,待轉錄
28,image28.png,300,未讀,待轉錄
29,image29.png,357,未讀,待轉錄
30,image30.png,230,五神環傳夢吉圖,五圓：肝·心·脾·肺·腎，肝腎間雙環相扣
31,image31.png,214,未讀,待轉錄
32,image32.png,336,五神傳夢吉藏凶圖,中央脾，外環心肺腎肝；右上標「藏凶」；版心「夢林玄解／圖說」
33,image33.png,338,未讀,待轉錄
34,image34.png,313,未讀,待轉錄
35,image35.png,290,未讀,待轉錄
36,image36.png,358,五神混傳迭化吉凶方圖,5×5＝25 節點方陣，中心「肝」為黑底白字；版心「夢林玄解／卷二十八／圖說」
37,image37.png,357,未讀,待轉錄
38,image38.png,326,未讀,待轉錄
39,image39.png,322,未讀,待轉錄
40,image40.png,268,未讀,待轉錄
41,image41.png,278,未讀,待轉錄
42,image42.png,287,陽氣虛極轉夢圖,泥丸＋大圓「陽」；版心「夢林玄解／圖說」
43,image43.png,299,未讀,待轉錄
44,image44.png,326,未讀,待轉錄
45,image45.png,331,未讀,待轉錄
46,image46.png,335,未讀,待轉錄
47,image47.png,322,二氣俱虛見夢圖,太極＋泥丸；兩圓內繪神人（左側立像／右展臂作勢）
