節點號,卷,部,類,節名,起止行,行數
1,目錄(卷首前),—,—,夢林玄解叙,13-279,267
2,目錄(卷首前),—,—,夢林玄解小引,280-313,34
3,目錄(卷首前),—,—,夢占類考序,314-366,53
4,目錄(卷首前),—,—,夢林玄解凡例,367-411,45
5,目錄(卷首前),—,—,稚川葛仙翁傳略,412-459,48
6,目錄(卷首前),—,—,夢林玄解分集目錄,460-468,9
7,目錄(卷首前),—,—,夢 占,469-474,6
8,目錄(卷首前),—,—,夢 禳,475-480,6
9,目錄(卷首前),—,—,夢 原,481-486,6
10,目錄(卷首前),—,—,夢 徵,487-494,8
11,目錄(卷首前),—,—,夢林玄解總目錄,495-498,4
12,卷之首,—,—,卷之首,499-528,30
13,卷之一,—,—,卷之一,529-538,10
14,卷之二,—,—,卷之二,539-550,12
15,卷之三,—,—,卷之三,551-562,12
16,卷之四,—,—,卷之四,563-572,10
17,卷之五,—,—,卷之五,573-584,12
18,卷之六,—,—,卷之六,585-596,12
19,卷之七,—,—,卷之七,597-606,10
20,卷之八,—,—,卷之八,607-618,12
21,卷之九,—,—,卷之九,619-632,14
22,卷之十,—,—,卷之十,633-642,10
23,卷之十一,—,—,卷之十一,643-654,12
24,卷之十二,—,—,卷之十二,655-666,12
25,卷之十三,—,—,卷之十三,667-678,12
26,卷之十四,—,—,卷之十四,679-690,12
27,卷之十五,—,—,卷之十五,691-702,12
28,卷之十六,—,—,卷之十六,703-714,12
29,卷之十七,—,—,卷之十七,715-726,12
30,卷之十八,—,—,卷之十八,727-738,12
31,卷之十九,—,—,卷之十九,739-748,10
32,卷之二十,—,—,卷之二十,749-758,10
33,卷之二十一,—,—,卷之二十一,759-768,10
34,卷之二十二,—,—,卷之二十二,769-780,12
35,卷之二十三,—,—,卷之二十三,781-792,12
36,卷之二十四,—,—,卷之二十四,793-835,43
37,卷之二十五,—,—,卷之二十五,836-850,15
38,卷之二十六,—,—,卷之二十六,851-867,17
39,卷之二十七,—,—,卷之二十七,868-893,26
40,卷之二十八,—,—,卷之二十八,894-943,50
41,卷之二十九,—,—,卷之二十九,944-966,23
42,卷之三十,—,—,卷之三十,967-983,17
43,卷之三十一,—,—,卷之三十一,984-994,11
44,卷之三十二,—,—,卷之三十二,995-1011,17
45,卷之三十三,—,—,卷之三十三,1012-1038,27
46,卷之三十四,—,—,卷之三十四,1039-1069,31
47,卷之首,總論,—,夢林玄解卷之首,1070-1073,4
48,卷之首,總論,—,占繇,1074-1078,5
49,卷之首,總論,—,觀天地之會,1079-1098,20
50,卷之首,總論,—,辨二氣之乘,1099-1113,15
51,卷之首,總論,—,審三辰之象,1114-1129,16
52,卷之首,總論,—,貴賤有别,1130-1136,7
53,卷之首,總論,—,邪正有分,1137-1147,11
54,卷之首,總論,—,吉凶有概,1148-1160,13
55,卷之首,總論,—,敬肆有端,1161-1170,10
56,卷之首,總論,—,夢變,1171-1185,15
57,卷之首,總論,—,夢寄,1186-1197,12
58,卷之首,總論,—,夢有不占占有不驗,1198-1212,15
59,卷之首,總論,—,夢無晝夜必有吉凶,1213-1221,9
60,卷之首,總論,—,怪異無占尋常有驗,1222-1230,9
61,卷之首,總論,—,仙神靈秘未可妄占,1231-1241,11
62,卷之首,總論,—,玉璅煇遺,1242-1418,177
63,卷之一,天象部,—,夢林玄解卷之一,1419-1424,6
64,卷之一,天象部,—,夢占,1425-1431,7
65,卷之一,天象部,天,○○○天類,1432-1857,426
66,卷之一,天象部,日月,○○○日月,1858-2444,587
67,卷之一,天象部,星斗,○○○星斗,2445-2579,135
68,卷之二,天象部,—,夢林玄解卷之二,2580-2583,4
69,卷之二,天象部,—,夢占,2584-2590,7
70,卷之二,天象部,風雲,○○○風雲,2591-2903,313
71,卷之二,天象部,雷雨,○○○雷雨,2904-3282,379
72,卷之二,天象部,霞電,○○○霞電,3283-3329,47
73,卷之二,天象部,虹霓,○○○虹霓,3330-3360,31
74,卷之二,天象部,霧露,○○○霧露,3361-3434,74
75,卷之二,天象部,霜雪,○○○霜雪,3435-3614,180
76,卷之二,天象部,氷雹,○○○氷雹,3615-3687,73
77,卷之二,天象部,烟火,○○○烟火,3688-3789,102
78,卷之二,天象部,時令,○○○時令,3790-3856,67
79,卷之三,地理部,—,夢林玄解卷之三,3857-3860,4
80,卷之三,地理部,—,夢占,3861-3871,11
81,卷之三,地理部,地土,○○○地土,3872-4126,255
82,卷之三,地理部,山水,○○○山水,4127-4624,498
83,卷之三,地理部,巖石,○○○巖石,4625-4679,55
84,卷之三,地理部,河江,○○○河江,4680-4760,81
85,卷之三,地理部,湖海,○○○湖海,4761-4805,45
86,卷之三,地理部,城市,○○○城市,4806-5067,262
87,卷之三,地理部,橋路,○○○橋路,5068-5321,254
88,卷之三,地理部,田園,○○○田園,5322-5567,246
89,卷之三,地理部,墳墓,○○○墳墓,5568-5690,123
90,卷之四,人物部,—,夢林玄解卷之四,5691-5694,4
91,卷之四,人物部,—,夢占,5695-5701,7
92,卷之四,人物部,帝王,○○○帝王類,5702-6093,392
93,卷之四,人物部,聖賢,○○○聖賢,6094-6264,171
94,卷之四,人物部,將相,○○○將相,6265-7581,1317
95,卷之五,人物部,—,夢林玄解卷之五,7582-7585,4
96,卷之五,人物部,—,夢占,7586-7593,8
97,卷之五,人物部,后𡚱,○○○后𡚱類,7594-7716,123
98,卷之五,人物部,賢德,○○○賢德類,7717-7745,29
99,卷之五,人物部,節孝,○○○節孝類,7746-7812,67
100,卷之五,人物部,才俠,○○○才俠類,7813-7903,91
101,卷之五,人物部,寵嬖,○○○寵嬖類,7904-7933,30
102,卷之五,人物部,悍妬,○○○悍妬類,7934-7974,41
103,卷之五,人物部,淫奔,○○○淫奔類,7975-8005,31
104,卷之五,人物部,名妓,○○名妓類,8006-8058,53
105,卷之五,人物部,佛仙,○○○佛仙類,8059-8655,597
106,卷之五,人物部,神鬼,○○○神鬼類,8656-9144,489
107,卷之六,人物部,—,夢林玄解卷之六,9145-9148,4
108,卷之六,人物部,—,夢占,9149-9156,8
109,卷之六,人物部,彛倫,○○○彛倫類,9157-9467,311
110,卷之六,人物部,民庻,○○○民庻類,9468-9529,62
111,卷之六,人物部,術技,○○○術技類,9530-9641,112
112,卷之六,人物部,夷蠻,○○○夷蠻類,9642-9717,76
113,卷之六,人物部,優妓,○○○優妓類,9718-9824,107
114,卷之六,人物部,奴𨽾,○○○奴𨽾類,9825-9886,62
115,卷之六,人物部,老幼,○○○老幼類,9887-9933,47
116,卷之六,人物部,男女,○○○男女類,9934-9981,48
117,卷之七,形貌部,—,夢林玄解卷之七,9982-9985,4
118,卷之七,形貌部,—,夢占,9986-9992,7
119,卷之七,形貌部,身體,○○○身體類,9993-10281,289
120,卷之七,形貌部,頭額,○○○頭額類,10282-10571,290
121,卷之七,形貌部,䪿腦,○○○䪿腦類,10572-10622,51
122,卷之七,形貌部,面目,○○○面目類,10623-10881,259
123,卷之七,形貌部,耳鼻,○○○耳鼻類,10882-11095,214
124,卷之八,形貌部,—,夢林玄解卷之八,11096-11099,4
125,卷之八,形貌部,—,夢占,11100-11106,7
126,卷之八,形貌部,睂髪,○○○睂髪,11107-11275,169
127,卷之八,形貌部,顴顋,○○○顴顋,11276-11332,57
128,卷之八,形貌部,口齒,○○○口齒,11333-11568,236
129,卷之八,形貌部,唇舌,○○○唇舌,11569-11651,83
130,卷之八,形貌部,鬚鬂,○○○鬚鬂,11652-11724,73
131,卷之八,形貌部,喉項,○○○喉項,11725-11828,104
132,卷之八,形貌部,皮毛,○○○皮毛,11829-11898,70
133,卷之八,形貌部,手足,○○○手足,11899-12160,262
134,卷之八,形貌部,筋骨,○○○筋骨,12161-12227,67
135,卷之九,形貌部,—,夢林玄解卷之九,12228-12231,4
136,卷之九,形貌部,—,夢占,12232-12238,7
137,卷之九,形貌部,肩脇,○○○肩脇類,12239-12348,110
138,卷之九,形貌部,腹背,○○○腹背類,12349-12505,157
139,卷之九,形貌部,乳臍,○○○乳臍類,12506-12600,95
140,卷之九,形貌部,腰腎,○○○腰腎類,12601-12672,72
141,卷之九,形貌部,心胸,○○○心胸類,12673-12845,173
142,卷之九,形貌部,臓腑,○○○臓腑類,12846-12902,57
143,卷之九,形貌部,腸胃,○○○腸胃類,12903-12982,80
144,卷之九,形貌部,肺肝,○○○肺肝類,12983-13060,78
145,卷之九,形貌部,陽臀,○○○陽臀類,13061-13124,64
146,卷之九,形貌部,陰谷,○○○陰谷類,13125-13157,33
147,卷之九,形貌部,精血,○○○精血類,13158-13309,152
148,卷之九,形貌部,汗氣,○○○汗氣類,13310-13388,79
149,卷之九,形貌部,𦜶胱,○○○𦜶胱類,13389-13400,12
150,卷之九,形貌部,魂魄,○○○魂魄類,13401-13428,28
151,卷之九,形貌部,尿糞,○○○尿糞類,13429-13553,125
152,卷之十,政事部,—,夢林玄解卷之十,13554-13557,4
153,卷之十,政事部,—,夢占,13558-13561,4
154,卷之十,政事部,—,政事部一,13562-14412,851
155,卷之十一,政事部,—,夢林玄解卷之十一,14413-14416,4
156,卷之十一,政事部,—,夢占,14417-14423,7
157,卷之十一,政事部,疾疫,○○○疾疫,14424-14560,137
158,卷之十一,政事部,火盗,○○○火盗,14561-14632,72
159,卷之十一,政事部,恩仇,○○○恩仇,14633-14708,76
160,卷之十一,政事部,殺鬥,○○○殺鬥,14709-14775,67
161,卷之十一,政事部,毆詈,○○○毆詈,14776-14817,42
162,卷之十一,政事部,刑獄,○○○刑獄,14818-14914,97
163,卷之十一,政事部,䘮塟,○○○䘮塟,14915-15052,138
164,卷之十一,政事部,祝享,○○○祝享,15053-15121,69
165,卷之十一,政事部,酬酢,○○○酬酢,15122-15230,109
166,卷之十一,政事部,起居,○○○起居,15231-15342,112
167,卷之十二,什物部,—,夢林玄解卷之十二,15343-15346,4
168,卷之十二,什物部,—,夢占,15347-15353,7
169,卷之十二,什物部,舟檝,○○○舟檝,15354-15577,224
170,卷之十二,什物部,車輛,○○○車輛,15578-15734,157
171,卷之十二,什物部,文墨,○○○文墨,15735-15949,215
172,卷之十二,什物部,武械,○○○武械,15950-16122,173
173,卷之十二,什物部,符笏,○○○符笏,16123-16205,83
174,卷之十二,什物部,鹵簿,○○○鹵簿,16206-16319,114
175,卷之十二,什物部,刑罰,○○○刑罰,16320-16348,29
176,卷之十二,什物部,幡幢,○○○幡幢,16349-16401,53
177,卷之十三,什物部,—,夢林玄解卷之十三,16402-16405,4
178,卷之十三,什物部,—,夢占,16406-16412,7
179,卷之十三,什物部,家俠,○○○家俠,16413-16880,468
180,卷之十三,什物部,茶具,○○○茶具,16881-16906,26
181,卷之十三,什物部,飮,○○○飮,16907-16998,92
182,卷之十三,什物部,爨具,○○○爨具,16999-17097,99
183,卷之十三,什物部,店具,○○○店具,17098-17164,67
184,卷之十三,什物部,行李,○○○行李,17165-17232,68
185,卷之十三,什物部,雨具,○○○雨具,17233-17292,60
186,卷之十三,什物部,牧具,○○○牧具,17293-17372,80
187,卷之十三,什物部,網𦊟,○○○網𦊟,17373-17412,40
188,卷之十三,什物部,農具,○○○農具,17413-17571,159
189,卷之十四,什物部,—,夢林玄解卷之十四,17572-17575,4
190,卷之十四,什物部,—,夢占,17576-17583,8
191,卷之十四,什物部,蠶桑,○○○蠶桑,17584-17648,65
192,卷之十四,什物部,機杼,○○○機杼類,17649-17775,127
193,卷之十四,什物部,工作,○○○工作,17776-17977,202
194,卷之十四,什物部,梳籹,○○○梳籹,17978-18388,411
195,卷之十四,什物部,聘嫁,○○○聘嫁,18389-18490,102
196,卷之十四,什物部,䘮禮,○○○䘮禮,18491-18544,54
197,卷之十四,什物部,祭器,○○○祭器,18545-18622,78
198,卷之十四,什物部,樂器,○○○樂器,18623-18906,284
199,卷之十五,棟宇部,—,夢林玄解卷之十五,18907-18910,4
200,卷之十五,棟宇部,—,夢占,18911-18917,7
201,卷之十五,棟宇部,殿宫,○○○殿宫,18918-19087,170
202,卷之十五,棟宇部,臺閣,○○○臺閣,19088-19182,95
203,卷之十五,棟宇部,宦署,○○○宦署,19183-19224,42
204,卷之十五,棟宇部,第宅,○○○第宅,19225-19550,326
205,卷之十五,棟宇部,倉庫,○○○倉庫,19551-19586,36
206,卷之十五,棟宇部,苑囿,○○○苑囿,19587-19644,58
207,卷之十五,棟宇部,關陲,○○○關陲,19645-19686,42
208,卷之十五,棟宇部,囹圄,○○○囹圄,19687-19706,20
209,卷之十五,棟宇部,神宇,○○○神宇,19707-19874,168
210,卷之十六,服飾部,—,夢林玄解卷之十六,19875-19878,4
211,卷之十六,服飾部,—,夢占,19879-19885,7
212,卷之十六,服飾部,冠冕,○○○冠冕類,19886-20105,220
213,卷之十六,服飾部,衣衫,○○○衣衫類,20106-20442,337
214,卷之十六,服飾部,裘甲,○○○裘甲類,20443-20505,63
215,卷之十六,服飾部,舄履,○○○舄履類,20506-20633,128
216,卷之十六,服飾部,衾枕,○○○衾枕類,20634-20649,16
217,卷之十六,服飾部,褥毯,○○○褥毯類,20650-20670,21
218,卷之十六,服飾部,帳幃,○○○帳幃類,20671-20690,20
219,卷之十六,服飾部,巾帶,○○○巾帶類,20691-20730,40
220,卷之十六,服飾部,囊帕,○○○囊帕類,20731-20755,25
221,卷之十六,服飾部,環釵,○○○環釵類,20756-20797,42
222,卷之十七,飲食部,—,夢林玄解卷之十七,20798-20801,4
223,卷之十七,飲食部,—,夢占,20802-20808,7
224,卷之十七,飲食部,泉茗,○○○泉茗,20809-20897,89
225,卷之十七,飲食部,酒漿,○○○酒漿,20898-21054,157
226,卷之十七,飲食部,五榖,○○○五榖,21055-21197,143
227,卷之十七,飲食部,蔬菓,○○○蔬菓,21198-21468,271
228,卷之十七,飲食部,餚饌,○○○餚饌,21469-21688,220
229,卷之十七,飲食部,雜物,○○○雜物,21689-21919,231
230,卷之十八,蕃彚部,—,夢林玄解卷之十八,21920-21923,4
231,卷之十八,蕃彚部,—,夢占,21924-21930,7
232,卷之十八,蕃彚部,樹木,○○○樹木類,21931-22092,162
233,卷之十八,蕃彚部,植木,○○○植木,22093-22266,174
234,卷之十八,蕃彚部,菓樹,○○○菓樹類,22267-22383,117
235,卷之十八,蕃彚部,荆薇,○○○荆薇類,22384-22421,38
236,卷之十八,蕃彚部,草花,○○○草花,22422-22841,420
237,卷之十八,蕃彚部,竹荻,○○○竹荻,22842-22891,50
238,卷之十八,蕃彚部,水產,○○○水產,22892-22981,90
239,卷之十八,蕃彚部,柴薪,○○○柴薪類,22982-23029,48
240,卷之十九,飛走部,—,夢林玄解卷之十九,23030-23033,4
241,卷之十九,飛走部,—,夢占,23034-23040,7
242,卷之十九,飛走部,四靈,○○○四靈,23041-23232,192
243,卷之十九,飛走部,百獸,○○○百獸,23233-23700,468
244,卷之十九,飛走部,六畜,○○○六畜,23701-24263,563
245,卷之二十,飛走部,—,夢林玄解卷之二十,24264-24267,4
246,卷之二十,飛走部,—,夢占,24268-24274,7
247,卷之二十,飛走部,羽族,○○○羽族,24275-24675,401
248,卷之二十,飛走部,水族,○○○水族,24676-24922,247
249,卷之二十,飛走部,昆蟲,○○○昆蟲,24923-25611,689
250,卷之二十一,珍玩部,—,夢林玄解卷之二十一,25612-25615,4
251,卷之二十一,珍玩部,—,夢占,25616-25622,7
252,卷之二十一,珍玩部,金銀,○○○金銀,25623-26112,490
253,卷之二十一,珍玩部,珠玉,○○○珠玉,26113-26397,285
254,卷之二十一,珍玩部,錢鐵,○○○錢鐵,26398-26514,117
255,卷之二十一,珍玩部,珍寳,○○○珍寳,26515-26681,167
256,卷之二十二,文翰部,—,夢林玄解卷之二十二,26682-26685,4
257,卷之二十二,文翰部,—,夢占,26686-26692,7
258,卷之二十二,文翰部,書籍,○○○書籍類,26693-27206,514
259,卷之二十二,文翰部,經卷,○○○經卷類,27207-27333,127
260,卷之二十二,文翰部,史傳,○○○史傳類,27334-27356,23
261,卷之二十二,文翰部,佛老,○○○佛老類,27357-27518,162
262,卷之二十二,文翰部,詩詞,○○○詩詞類,27519-27694,176
263,卷之二十二,文翰部,字畫,○○○字畫類,27695-27872,178
264,卷之二十三,名數部,—,夢林玄解卷之二十三,27873-27876,4
265,卷之二十三,名數部,—,夢占,27877-27883,7
266,卷之二十三,名數部,名姓,○○○名姓,27884-28203,320
267,卷之二十三,名數部,奇名,○○○奇名,28204-28234,31
268,卷之二十三,名數部,異姓,○○○異姓,28235-28312,78
269,卷之二十三,名數部,定數,○○○定數,28313-28419,107
270,卷之二十三,名數部,報應,○○○報應,28420-28544,125
271,卷之二十三,名數部,𣛜驗,○○○𣛜驗,28545-28705,161
272,卷之二十三,名數部,—,夢禳叙言,28706-28775,70
273,卷之二十三,名數部,—,夢林玄解卷之二十四目錄,28776-28851,76
274,卷之二十四,長柳圖,—,夢林玄解卷之二十四,28852-28855,4
275,卷之二十四,長柳圖,—,夢占,28856-29313,458
276,卷之二十五,甘德圖,—,夢林玄解卷之二十五,29314-31805,2492
277,卷之二十六,甘德圖,—,夢林玄解卷之二十六,31806-34416,2611
278,卷之二十六,甘德圖,—,夢林玄解卷之二十七目錄,34417-34449,33
279,卷之二十七,夢禳,—,夢林玄解卷之二十七,34450-34455,6
280,卷之二十七,夢禳,—,夢禳,34456-34459,4
281,卷之二十七,夢禳,舍萌贈夢說,○舍萌贈夢說,34460-34478,19
282,卷之二十七,夢禳,感夢脩省說,○感夢脩省說,34479-34494,16
283,卷之二十七,夢禳,省夢須占易象說,○省夢須占易象說,34495-35920,1426
284,卷之二十七,夢禳,—,歌曰,35921-35926,6
285,卷之二十七,夢禳,—,附六神起位,35927-35948,22
286,卷之二十七,夢禳,—,六神賦,35949-35960,12
287,卷之二十七,夢禳,—,卜易總略,35961-35976,16
288,卷之二十七,夢禳,—,論六親,35977-36003,27
289,卷之二十七,夢禳,—,占夢篇,36004-36025,22
290,卷之二十七,夢禳,—,論六親持世,36026-36031,6
291,卷之二十七,夢禳,—,論六爻出現伏藏,36032-36041,10
292,卷之二十七,夢禳,—,論日辰,36042-36047,6
293,卷之二十七,夢禳,—,論爻神,36048-36053,6
294,卷之二十七,夢禳,—,論德合刑冲尅旺墓空,36054-36062,9
295,卷之二十七,夢禳,—,德,36063-36071,9
296,卷之二十七,夢禳,—,合,36072-36079,8
297,卷之二十七,夢禳,—,六合,36080-36085,6
298,卷之二十七,夢禳,—,三合,36086-36091,6
299,卷之二十七,夢禳,—,十干合,36092-36097,6
300,卷之二十七,夢禳,—,刑,36098-36116,19
301,卷之二十七,夢禳,—,訣曰,36117-36122,6
302,卷之二十七,夢禳,—,冲,36123-36134,12
303,卷之二十七,夢禳,—,尅,36135-36149,15
304,卷之二十七,夢禳,—,旺,36150-36163,14
305,卷之二十七,夢禳,—,墓,36164-36175,12
306,卷之二十七,夢禳,—,空,36176-36184,9
307,卷之二十七,夢禳,—,旬中空,36185-36190,6
308,卷之二十七,夢禳,—,十干空,36191-36198,8
309,卷之二十七,夢禳,—,時中空,36199-36204,6
310,卷之二十七,夢禳,—,四生,36205-36212,8
311,卷之二十七,夢禳,—,四敗,36213-36218,6
312,卷之二十七,夢禳,—,四死,36219-36224,6
313,卷之二十七,夢禳,—,四絶,36225-36400,176
314,卷之二十七,夢禳,—,夢林玄解卷之二十八目錄,36401-36445,45
315,卷之二十八,夢禳,—,夢林玄解卷之二十八,36446-36449,4
316,卷之二十八,夢禳,—,夢禳,36450-36453,4
317,卷之二十八,夢禳,寢室臥呪說,○寢室臥呪說,36454-36470,17
318,卷之二十八,夢禳,臨臥諸忌說,○臨臥諸忌說,36471-36490,20
319,卷之二十八,夢禳,解辟惡夢符敇眞言說,○解辟惡夢符敇眞言說,36491-36514,24
320,卷之二十八,夢禳,思三台厭惡夢呪說,○思三台厭惡夢呪說,36515-36544,30
321,卷之二十八,夢禳,太上老君禳惡夢符呪,○太上老君禳惡夢符呪,36545-36567,23
322,卷之二十八,夢禳,絶三尸符呪辟夢說,○絶三尸符呪辟夢說,36568-36593,26
323,卷之二十八,夢禳,又備禳解惡夢諸法,○又備禳解惡夢諸法,36594-36629,36
324,卷之二十八,夢禳,北帝呪說,○北帝呪說,36630-36648,19
325,卷之二十八,夢禳,大道眞君解夢靑童口訣說,○大道眞君解夢靑童口訣說,36649-36673,25
326,卷之二十八,夢禳,虎枕安神辟夢說,○虎枕安神辟夢說,36674-36698,25
327,卷之二十八,夢禳,丹砂治惡夢說,○丹砂治惡夢說,36699-36711,13
328,卷之二十八,夢禳,鵸䳜禦夢說,○鵸䳜禦夢說,36712-36718,7
329,卷之二十八,夢禳,麝枕辟夢說,○麝枕辟夢說,36719-36724,6
330,卷之二十八,夢禳,懷夢草說,○懷夢草說,36725-36732,8
331,卷之二十八,夢禳,龜玆枕說,○龜玆枕說,36733-36739,7
332,卷之二十八,夢禳,何姑廟祈夢說,○何姑廟祈夢說,36740-36748,9
333,卷之二十八,夢禳,—,夢原引,36749-36789,41
334,卷之二十八,夢禳,—,夢林玄解卷之二十九目錄,36790-36922,133
335,卷之二十九,夢原,—,夢林玄解卷之二十九,36923-36928,6
336,卷之二十九,夢原,—,夢原,36929-36932,4
337,卷之二十九,夢原,素問,○○素問,36933-36942,10
338,卷之二十九,夢原,靈樞經,○○靈樞經,36943-36950,8
339,卷之二十九,夢原,周禮,○○周禮,36951-36968,18
340,卷之二十九,夢原,周書泰誓,○○周書泰誓,36969-36974,6
341,卷之二十九,夢原,毛詩小雅斯干,○○毛詩小雅斯干,36975-36980,6
342,卷之二十九,夢原,毛詩小雅正月,○○毛詩小雅正月,36981-36986,6
343,卷之二十九,夢原,孔氏,○○孔氏,36987-36992,6
344,卷之二十九,夢原,莊子,○○莊子,36993-37002,10
345,卷之二十九,夢原,列子,○○列子,37003-37012,10
346,卷之二十九,夢原,荀子,○○荀子,37013-37018,6
347,卷之二十九,夢原,淮南子,○○淮南子,37019-37026,8
348,卷之二十九,夢原,說苑,○○說苑,37027-37032,6
349,卷之二十九,夢原,孔頴達,○○孔頴達,37033-37038,6
350,卷之二十九,夢原,史記,○○史記,37039-37044,6
351,卷之二十九,夢原,漢書,○○漢書,37045-37052,8
352,卷之二十九,夢原,衛樂,○○衛樂,37053-37058,6
353,卷之二十九,夢原,論衡,○○論衡,37059-37066,8
354,卷之二十九,夢原,殷浩,○○殷浩,37067-37072,6
355,卷之二十九,夢原,王叔和,○○王叔和,37073-37078,6
356,卷之二十九,夢原,蕭方等,○○蕭方等,37079-37084,6
357,卷之二十九,夢原,白居易,○○白居易,37085-37090,6
358,卷之二十九,夢原,六書精藴,○○六書精藴,37091-37096,6
359,卷之二十九,夢原,程子,○○程子,37097-37102,6
360,卷之二十九,夢原,朱子,○○朱子,37103-37110,8
361,卷之二十九,夢原,黃庭堅,○○黃庭堅,37111-37116,6
362,卷之二十九,夢原,呂祖謙,○○呂祖謙,37117-37126,10
363,卷之二十九,夢原,輔廣,○○輔廣,37127-37132,6
364,卷之二十九,夢原,王晦叔,○○王晦叔,37133-37140,8
365,卷之二十九,夢原,王潛夫,○○王潛夫,37141-37154,14
366,卷之二十九,夢原,秦再思,○○秦再思,37155-37160,6
367,卷之二十九,夢原,倫道全,○○倫道全,37161-37166,6
368,卷之二十九,夢原,皆夢軒說,○○皆夢軒說,37167-37178,12
369,卷之二十九,夢原,鏡玉子夢覺解,○○鏡玉子夢覺解,37179-37309,131
370,卷之二十九,夢原,夢占逸㫖,○○夢占逸㫖,37310-37318,9
371,卷之二十九,夢原,眞宰,○眞宰,37319-37324,6
372,卷之二十九,夢原,長柳,○長柳,37325-37330,6
373,卷之二十九,夢原,衆占,○衆占,37331-37338,8
374,卷之二十九,夢原,宗空,○宗空,37339-37348,10
375,卷之二十九,夢原,聖人,○聖人,37349-37354,6
376,卷之二十九,夢原,感變,○○感變,37355-37368,14
377,卷之二十九,夢原,天者,○天者,37369-37376,8
378,卷之二十九,夢原,日月,○日月,37377-37388,12
379,卷之二十九,夢原,雷雨,○雷雨,37389-37398,10
380,卷之二十九,夢原,山川,○山川,37399-37410,12
381,卷之二十九,夢原,形貌,○形貌,37411-37420,10
382,卷之二十九,夢原,食衣,○食衣,37421-37432,12
383,卷之二十九,夢原,器物,○器物,37433-37442,10
384,卷之二十九,夢原,財貨,○財貨,37443-37450,8
385,卷之二十九,夢原,筆墨,○筆墨,37451-37460,10
386,卷之二十九,夢原,字畫,○字畫,37461-37468,8
387,卷之二十九,夢原,科甲,○科甲,37469-37478,10
388,卷之二十九,夢原,神怪,○神怪,37479-37496,18
389,卷之二十九,夢原,壽命,○壽命,37497-37506,10
390,卷之二十九,夢原,鳳鳥,○鳳鳥,37507-37516,10
391,卷之二十九,夢原,獸羣,○獸羣,37517-37528,12
392,卷之二十九,夢原,龍蛇,○龍蛇,37529-37538,10
393,卷之二十九,夢原,龜魚,○龜魚,37539-37546,8
394,卷之二十九,夢原,草木,○草木,37547-37554,8
395,卷之二十九,夢原,施報,○施報,37555-37564,10
396,卷之二十九,夢原,泛喻,○泛喻,37565-37584,20
397,卷之三十,夢徵,—,夢林玄解卷之三十,37585-37593,9
398,卷之三十,夢徵,天,○○○天類,37594-37597,4
399,卷之三十,夢徵,上天,○上天,37598-37604,7
400,卷之三十,夢徵,天壓巳,○天壓巳,37605-37628,24
401,卷之三十,夢徵,天與巳蘭,○天與巳蘭,37629-37640,12
402,卷之三十,夢徵,捧巳上天,○捧巳上天,37641-37651,11
403,卷之三十,夢徵,自訴於天,○自訴於天,37652-37662,11
404,卷之三十,夢徵,乘龍上天,○乘龍上天,37663-37671,9
405,卷之三十,夢徵,捫天,○捫天,37672-37683,12
406,卷之三十,夢徵,天際有三人,○天際有三人,37684-37697,14
407,卷之三十,夢徵,青氣燭天,○青氣燭天,37698-37708,11
408,卷之三十,夢徵,天門九重,○天門九重,37709-37717,9
409,卷之三十,夢徵,仰視天開,○仰視天開,37718-37725,8
410,卷之三十,夢徵,天第十九子,○天第十九子,37726-37732,7
411,卷之三十,夢徵,天中字,○天中字,37733-37741,9
412,卷之三十,夢徵,天開數丈,○天開數丈,37742-37749,8
413,卷之三十,夢徵,升天,○升天,37750-37759,10
414,卷之三十,夢徵,天風海濤,○天風海濤,37760-37773,14
415,卷之三十,夢徵,名掛天曹,○名掛天曹,37774-37784,11
416,卷之三十,夢徵,大哥乘龍上天,○大哥乘龍上天,37785-37796,12
417,卷之三十,夢徵,天命爾子宰相,○天命爾子宰相,37797-37811,15
418,卷之三十,夢徵,捧天者再,○捧天者再,37812-37819,8
419,卷之三十,夢徵,天賜爾子,○天賜爾子,37820-37835,16
420,卷之三十,夢徵,日月,○○○日月類,37836-37839,4
421,卷之三十,夢徵,日月着身,○日月着身,37840-37846,7
422,卷之三十,夢徵,日入懷,○日入懷,37847-37854,8
423,卷之三十,夢徵,月入懷,○月入懷,37855-37865,11
424,卷之三十,夢徵,負日行,○負日行,37866-37879,14
425,卷之三十,夢徵,月日入懷,○月日入懷,37880-37888,9
426,卷之三十,夢徵,乘龍逐日,○乘龍逐日,37889-37895,7
427,卷之三十,夢徵,抱日,○抱日,37896-37903,8
428,卷之三十,夢徵,月墮懷,○月墮懷,37904-37910,7
429,卷之三十,夢徵,日鬥,○日鬥,37911-37917,7
430,卷之三十,夢徵,日化爲龍,○日化爲龍,37918-37924,7
431,卷之三十,夢徵,日入室,○日入室,37925-37933,9
432,卷之三十,夢徵,日出室内,○日出室内,37934-37940,7
433,卷之三十,夢徵,日入臍中,○日入臍中,37941-37948,8
434,卷之三十,夢徵,車載日月,○車載日月,37949-37958,10
435,卷之三十,夢徵,吞日,○吞日,37959-37969,11
436,卷之三十,夢徵,捧日授巳,○捧日授巳,37970-37976,7
437,卷之三十,夢徵,日光耀體,○日光耀體,37977-37983,7
438,卷之三十,夢徵,日初出,○日初出,37984-37992,9
439,卷之三十,夢徵,月中兒墮,○月中兒墮,37993-37999,7
440,卷之三十,夢徵,四日並出,○四日並出,38000-38007,8
441,卷之三十,夢徵,東南日光射身,○東南日光射身,38008-38018,11
442,卷之三十,夢徵,月花符名,○月花符名,38019-38028,10
443,卷之三十,夢徵,月常四五,○月常四五,38029-38037,9
444,卷之三十,夢徵,星斗,○○○星斗類,38038-38041,4
445,卷之三十,夢徵,北斗墜殿,○北斗墜殿,38042-38049,8
446,卷之三十,夢徵,履星而行,○履星而行,38050-38056,7
447,卷之三十,夢徵,星墜壓脚,○星墜壓脚,38057-38065,9
448,卷之三十,夢徵,一大星,○一大星,38066-38074,9
449,卷之三十,夢徵,長庚星入懷,○長庚星入懷,38075-38082,8
450,卷之三十,夢徵,星入懷,○星入懷,38083-38089,7
451,卷之三十,夢徵,大星墜懷,○大星墜懷,38090-38099,10
452,卷之三十,夢徵,文昌星,○文昌星,38100-38109,10
453,卷之三十,夢徵,神授大星,○神授大星,38110-38123,14
454,卷之三十,夢徵,斗間氣傅體,○斗間氣傅體,38124-38130,7
455,卷之三十,夢徵,雲雨,○○○雲雨類,38131-38134,4
456,卷之三十,夢徵,朝雲暮雨,○朝雲暮雨,38135-38143,9
457,卷之三十,夢徵,赤彘雲中下,○赤彘雲中下,38144-38154,11
458,卷之三十,夢徵,雲化爲鳳,○雲化爲鳳,38155-38165,11
459,卷之三十,夢徵,空中凌雲而去,○空中凌雲而去,38166-38175,10
460,卷之三十,夢徵,持節雲中下,○持節雲中下,38176-38184,9
461,卷之三十,夢徵,彩雲靈鳳,○彩雲靈鳳,38185-38200,16
462,卷之三十,夢徵,錦獅雲端下,○錦獅雲端下,38201-38210,10
463,卷之三十,夢徵,輕雲來掩,○輕雲來掩,38211-38220,10
464,卷之三十,夢徵,雪風,○○○雪風類,38221-38224,4
465,卷之三十,夢徵,掃雪迎宰相,○掃雪迎宰相,38225-38248,24
466,卷之三十,夢徵,廬冒風雨,○廬冒風雨,38249-38258,10
467,卷之三十,夢徵,雷電,○○○雷電類,38259-38262,4
468,卷之三十,夢徵,大雷擊首,○大雷擊首,38263-38270,8
469,卷之三十,夢徵,當爲雷擊死,○當爲雷擊死,38271-38288,18
470,卷之三十,夢徵,虎啣雷公,○虎啣雷公,38289-38298,10
471,卷之三十,夢徵,電光奪目,○電光奪目,38299-38306,8
472,卷之三十,夢徵,雷電燭身,○雷電燭身,38307-38314,8
473,卷之三十,夢徵,大雷一聲,○大雷一聲,38315-38334,20
474,卷之三十,夢徵,虹烏,○○○虹烏類,38335-38338,4
475,卷之三十,夢徵,虹流華渚,○虹流華渚,38339-38346,8
476,卷之三十,夢徵,赤烏戲巳,○赤烏戲巳,38347-38353,7
477,卷之三十,夢徵,雙虹自門升天,○雙虹自門升天,38354-38363,10
478,卷之三十,夢徵,見虹飮水,○見虹飮水,38364-38374,11
479,卷之三十,夢徵,白光透臥榻,○白光透臥榻,38375-38386,12
480,卷之三十,夢徵,氷火,○○○氷火類,38387-38390,4
481,卷之三十,夢徵,氷上氷下,○氷上氷下,38391-38412,22
482,卷之三十,夢徵,火𤑔寢室,○火𤑔寢室,38413-38426,14
483,卷之三十,夢徵,山水,○○○山水類,38427-38430,4
484,卷之三十,夢徵,臼水東走,○臼水東走,38431-38439,9
485,卷之三十,夢徵,水邊一女,○水邊一女,38440-38449,10
486,卷之三十,夢徵,水有㟁爲州,○水有㟁爲州,38450-38461,12
487,卷之三十,夢徵,走馬上山,○走馬上山,38462-38475,14
488,卷之三十,夢徵,山上掛𮈔,○山上掛𮈔,38476-38484,9
489,卷之三十,夢徵,洪水没都,○洪水没都,38485-38494,10
490,卷之三十,夢徵,普告山水萬靈,○普告山水萬靈,38495-38512,18
491,卷之三十,夢徵,上北邙山,○上北邙山,38513-38520,8
492,卷之三十,夢徵,水際得碑,○水際得碑,38521-38532,12
493,卷之三十,夢徵,上山見道士運籖,○上山見道士運籖,38533-38546,14
494,卷之三十,夢徵,賜書泰山,○賜書泰山,38547-38553,7
495,卷之三十,夢徵,山花如錦,○山花如錦,38554-38562,9
496,卷之三十,夢徵,小山流泉,○小山流泉,38563-38573,11
497,卷之三十,夢徵,上高山,○上高山,38574-38583,10
498,卷之三十,夢徵,戴斗登山,○戴斗登山,38584-38640,57
499,卷之三十,夢徵,河海,○○○河海類,38641-38644,4
500,卷之三十,夢徵,海水壞棺槨,○海水壞棺槨,38645-38655,11
501,卷之三十,夢徵,河水乾,○河水乾,38656-38664,9
502,卷之三十,夢徵,海上坐玉盆,○海上坐玉盆,38665-38672,8
503,卷之三十,夢徵,南處海濵明,○南處海濵明,38673-38679,7
504,卷之三十,夢徵,淵江,○○○淵江類,38680-38683,4
505,卷之三十,夢徵,敗我濯龍淵,○敗我濯龍淵,38684-38691,8
506,卷之三十,夢徵,江中沙石篆榴,○江中沙石篆榴,38692-38702,11
507,卷之三十,夢徵,江水滿河,○江水滿河,38703-38713,11
508,卷之三十,夢徵,井池,○○○井池類,38714-38717,4
509,卷之三十,夢徵,井水溢流庭下,○井水溢流庭下,38718-38730,13
510,卷之三十,夢徵,池塘春草,○池塘春草,38731-38739,9
511,卷之三十,夢徵,城省,○○○城省類,38740-38743,4
512,卷之三十,夢徵,遊華胥國,○遊華胥國,38744-38760,17
513,卷之三十,夢徵,洛陽車騎,○洛陽車騎,38761-38774,14
514,卷之三十,夢徵,巳出江東,○巳出江東,38775-38786,12
515,卷之三十,夢徵,蝟攻鄴城,○蝟攻鄴城,38787-38796,10
516,卷之三十,夢徵,人盡南渡,○人盡南渡,38797-38805,9
517,卷之三十,夢徵,滿城菜,○滿城菜,38806-38814,9
518,卷之三十,夢徵,黃衣圍城,○黃衣圍城,38815-38822,8
519,卷之三十,夢徵,金像飛越城外,○金像飛越城外,38823-38831,9
520,卷之三十,夢徵,决城而覆,○决城而覆,38832-38848,17
521,卷之三十,夢徵,南京放榜,○南京放榜,38849-38860,12
522,卷之三十,夢徵,關塞,○○○關塞類,38861-38864,4
523,卷之三十,夢徵,繇獨松關,○繇獨松關,38865-38875,11
524,卷之三十,夢徵,行塞下沙,○行塞下沙,38876-38885,10
525,卷之三十,夢徵,橋境,○○○橋境類,38886-38889,4
526,卷之三十,夢徵,清水橋邊,○清水橋邊,38890-38906,17
527,卷之三十,夢徵,引登高境,○引登高境,38907-38931,25
528,卷之三十,夢徵,園地,○○○園地類,38932-38935,4
529,卷之三十,夢徵,神見後園,○神見後園,38936-38943,8
530,卷之三十,夢徵,以地來降,○以地來降,38944-38951,8
531,卷之三十,夢徵,墻㟁,○○○墻㟁類,38952-38955,4
532,卷之三十,夢徵,墻崩無遺堵,○墻崩無遺堵,38956-38968,13
533,卷之三十,夢徵,登㟁卜居,○登㟁卜居,38969-38980,12
534,卷之三十,夢徵,坟墓,○○○坟墓類,38981-38984,4
535,卷之三十,夢徵,指導見墓,○指導見墓,38985-38994,10
536,卷之三十,夢徵,以杖指墓,○以杖指墓,38995-39022,28
537,卷之三十一,夢徵,—,夢林玄解卷之三十一,39023-39026,4
538,卷之三十一,夢徵,—,夢徵,39027-39030,4
539,卷之三十一,人物部,人物部,人物部,39031-40264,1234
540,卷之三十二,夢徵,—,夢林玄解卷之三十二,40265-40268,4
541,卷之三十二,夢徵,—,夢徵,40269-40276,8
542,卷之三十二,夢徵,身體,○○○身體類,40277-40316,40
543,卷之三十二,夢徵,頭額,○○○頭額類,40317-40426,110
544,卷之三十二,夢徵,睂髪,○○○睂髪類,40427-40453,27
545,卷之三十二,夢徵,面目,○○○面目類,40454-40478,25
546,卷之三十二,夢徵,口鼻,○○○口鼻類,40479-40508,30
547,卷之三十二,夢徵,齒舌,○○○齒舌類,40509-40547,39
548,卷之三十二,夢徵,鬚毛,○○○鬚毛類,40548-40586,39
549,卷之三十二,夢徵,手足,○○○手足類,40587-40671,85
550,卷之三十二,夢徵,背腹,○○○背腹類,40672-40694,23
551,卷之三十二,夢徵,腸胃,○○○腸胃類,40695-40728,34
552,卷之三十二,夢徵,科第,○○○科第類,40729-40855,127
553,卷之三十二,夢徵,官祿,○○○官祿類,40856-40979,124
554,卷之三十二,夢徵,壽算,○○○壽算類,40980-41117,138
555,卷之三十二,夢徵,婚姻,○○○婚姻類,41118-41159,42
556,卷之三十二,夢徵,䘮塟,○○○䘮塟類,41160-41185,26
557,卷之三十二,夢徵,祭享,○○○祭享類,41186-41233,48
558,卷之三十二,夢徵,恩讐,○○○恩讐類,41234-41313,80
559,卷之三十二,夢徵,酬酢,○○○酬酢類,41314-41345,32
560,卷之三十二,夢徵,囑託,○○○囑託類,41346-41407,62
561,卷之三十三,夢徵,—,夢林玄解卷之三十三,41408-41411,4
562,卷之三十三,夢徵,—,夢徵,41412-41418,7
563,卷之三十三,夢徵,舟檝,○○○舟檝類,41419-41475,57
564,卷之三十三,夢徵,車輛,○○○車輛類,41476-41516,41
565,卷之三十三,夢徵,武械,○○○武械類,41517-41599,83
566,卷之三十三,夢徵,幡幢,○○○幡幢類,41600-41644,45
567,卷之三十三,夢徵,祭器,○○○祭器類,41645-41690,46
568,卷之三十三,夢徵,樂器,○○○樂器類,41691-41715,25
569,卷之三十三,夢徵,印笏,○○○印笏類,41716-41733,18
570,卷之三十三,夢徵,家伙,○○○家伙類,41734-41768,35
571,卷之三十三,夢徵,梳籹,○○○梳籹類,41769-41791,23
572,卷之三十三,夢徵,雨具,○○○雨具類,41792-41796,5
573,卷之三十三,夢徵,手舉一傘,○○○手舉一傘,41797-41815,19
574,卷之三十三,夢徵,樓閣,○○○樓閣類,41816-41839,24
575,卷之三十三,夢徵,屋舍,○○○屋舍類,41840-41890,51
576,卷之三十三,夢徵,堂院,○○○堂院類,41891-41924,34
577,卷之三十三,夢徵,門梁,○○○門梁類,41925-41953,29
578,卷之三十三,夢徵,神宇,○○○神宇類,41954-42015,62
579,卷之三十三,冠裳部,冠裳部,冠裳部,42016-42020,5
580,卷之三十三,冠裳部,衮衣,○○○衮衣類,42021-42150,130
581,卷之三十三,冠裳部,衫甲,○○○衫甲類,42151-42190,40
582,卷之三十三,冠裳部,巾帶,○○○巾帶類,42191-42217,27
583,卷之三十三,冠裳部,衾褥,○○○衾褥類,42218-42236,19
584,卷之三十三,冠裳部,鞋靴,○○○鞋靴類,42237-42269,33
585,卷之三十三,冠裳部,五穀,○○○五穀類,42270-42327,58
586,卷之三十三,冠裳部,酒羮,○○○酒羮類,42328-42352,25
587,卷之三十三,冠裳部,藥劑,○○○藥劑類,42353-42408,56
588,卷之三十三,冠裳部,植木,○○○植木類,42409-42475,67
589,卷之三十三,冠裳部,草花,○○○草花類,42476-42545,70
590,卷之三十三,冠裳部,瓜菓,○○○瓜菓類,42546-42563,18
591,卷之三十三,冠裳部,柴薪,○○○柴薪類,42564-42599,36
592,卷之三十四,夢徵,—,夢林玄解卷之三十四,42600-42603,4
593,卷之三十四,夢徵,—,夢徵,42604-42607,4
594,卷之三十四,飛走部,飛走部,飛走部,42608-43210,603
595,卷之三十四,飛走部,—,夢微小引,43211-43248,38
