卦名,宮,宮五行,上卦,下卦,爻位,六親,納甲,世應身,爻辭,象辭,來源,核對
乾為天,乾宮,金,乾,乾,上九,父母,戌土,世,亢龍有悔,六龍御天之卦／廣大包容之象,用戶提供影像逐字錄,逐位相符
乾為天,乾宮,金,乾,乾,五九,兄弟,申金,身,,六龍御天之卦／廣大包容之象,用戶提供影像逐字錄,逐位相符
乾為天,乾宮,金,乾,乾,四九,官鬼,午火,—,,六龍御天之卦／廣大包容之象,用戶提供影像逐字錄,逐位相符
乾為天,乾宮,金,乾,乾,三九,父母,辰土,應,,六龍御天之卦／廣大包容之象,用戶提供影像逐字錄,逐位相符
乾為天,乾宮,金,乾,乾,二九,妻財,寅木,—,,六龍御天之卦／廣大包容之象,用戶提供影像逐字錄,逐位相符
乾為天,乾宮,金,乾,乾,初九,子孫,子水,—,潛龍勿用,六龍御天之卦／廣大包容之象,用戶提供影像逐字錄,逐位相符
天風姤,乾宮,金,乾,巽,上九,父母,影像不可辨,—,姤其角吝无咎,風雲相濟之卦／君臣會合之象,用戶提供影像逐字錄,逐位相符
天風姤,乾宮,金,乾,巽,五九,兄弟,影像不可辨,—,,風雲相濟之卦／君臣會合之象,用戶提供影像逐字錄,逐位相符
天風姤,乾宮,金,乾,巽,四九,官鬼,影像不可辨,應,,風雲相濟之卦／君臣會合之象,用戶提供影像逐字錄,逐位相符
天風姤,乾宮,金,乾,巽,三九,兄弟,影像不可辨,—,,風雲相濟之卦／君臣會合之象,用戶提供影像逐字錄,逐位相符
天風姤,乾宮,金,乾,巽,二九,子孫,影像不可辨,—,,風雲相濟之卦／君臣會合之象,用戶提供影像逐字錄,逐位相符
天風姤,乾宮,金,乾,巽,初六,父母,影像不可辨,世,繫于金柅貞吉有攸往見凶羸豕蹢躅,風雲相濟之卦／君臣會合之象,用戶提供影像逐字錄,逐位相符
天山遯,乾宮,金,乾,艮,上九,父母,戌土,—,肥遯无不利,豹隱南山之卦／遷善遠惡之象,用戶提供影像逐字錄,逐位相符
天山遯,乾宮,金,乾,艮,五九,兄弟,申金,應,,豹隱南山之卦／遷善遠惡之象,用戶提供影像逐字錄,逐位相符
天山遯,乾宮,金,乾,艮,四九,官鬼,午火,—,,豹隱南山之卦／遷善遠惡之象,用戶提供影像逐字錄,逐位相符
天山遯,乾宮,金,乾,艮,三九,兄弟,申金,—,,豹隱南山之卦／遷善遠惡之象,用戶提供影像逐字錄,逐位相符
天山遯,乾宮,金,乾,艮,二六,官鬼,午火,世,,豹隱南山之卦／遷善遠惡之象,用戶提供影像逐字錄,逐位相符
天山遯,乾宮,金,乾,艮,初六,父母,辰土,身,遯尾厲勿用利有攸往,豹隱南山之卦／遷善遠惡之象,用戶提供影像逐字錄,逐位相符
