卦名,宮,宮五行,卦序,上卦,下卦,六爻(初→上),世爻,應爻,裝卦出處,文本卦名OCR
乾為天,乾宮,金,本宮六世,乾,乾,陽陽陽陽陽陽,6,3,影像已核＋八宮規則,乾爲天
天風姤,乾宮,金,一世,乾,巽,陰陽陽陽陽陽,1,4,影像已核＋八宮規則,天風姤
天山遯,乾宮,金,二世,乾,艮,陰陰陽陽陽陽,2,5,影像已核＋八宮規則,天山遯
天地否,乾宮,金,三世,乾,坤,陰陰陰陽陽陽,3,6,八宮規則推導,天地否
風地觀,乾宮,金,四世,巽,坤,陰陰陰陰陽陽,4,1,八宮規則推導,風地觀
山地剝,乾宮,金,五世,艮,坤,陰陰陰陰陰陽,5,2,八宮規則推導,山地剝
火地晉,乾宮,金,遊魂,離,坤,陰陰陰陽陰陽,4,1,八宮規則推導,火地晉
火天大有,乾宮,金,歸魂,離,乾,陽陽陽陽陰陽,3,6,八宮規則推導,火天大有
坎為水,坎宮,水,本宮六世,坎,坎,陰陽陰陰陽陰,6,3,八宮規則推導,坎爲水
水澤節,坎宮,水,一世,坎,兌,陽陽陰陰陽陰,1,4,八宮規則推導,水澤節
水雷屯,坎宮,水,二世,坎,震,陽陰陰陰陽陰,2,5,八宮規則推導,水雷屯
水火既濟,坎宮,水,三世,坎,離,陽陰陽陰陽陰,3,6,八宮規則推導,水火旣濟
澤火革,坎宮,水,四世,兌,離,陽陰陽陽陽陰,4,1,八宮規則推導,澤火革
雷火豐,坎宮,水,五世,震,離,陽陰陽陽陰陰,5,2,八宮規則推導,豐
地火明夷,坎宮,水,遊魂,坤,離,陽陰陽陰陰陰,4,1,八宮規則推導,地火明夷
地水師,坎宮,水,歸魂,坤,坎,陰陽陰陰陰陰,3,6,八宮規則推導,師
艮為山,艮宮,土,本宮六世,艮,艮,陰陰陽陰陰陽,6,3,八宮規則推導,艮爲山
山火賁,艮宮,土,一世,艮,離,陽陰陽陰陰陽,1,4,八宮規則推導,山火賁
山天大畜,艮宮,土,二世,艮,乾,陽陽陽陰陰陽,2,5,八宮規則推導,大畜
山澤損,艮宮,土,三世,艮,兌,陽陽陰陰陰陽,3,6,八宮規則推導,山澤摜
火澤睽,艮宮,土,四世,離,兌,陽陽陰陽陰陽,4,1,八宮規則推導,火澤睽
天澤履,艮宮,土,五世,乾,兌,陽陽陰陽陽陽,5,2,八宮規則推導,天澤履
風澤中孚,艮宮,土,遊魂,巽,兌,陽陽陰陰陽陽,4,1,八宮規則推導,中孚
風山漸,艮宮,土,歸魂,巽,艮,陰陰陽陰陽陽,3,6,八宮規則推導,風山漸
震為雷,震宮,木,本宮六世,震,震,陽陰陰陽陰陰,6,3,八宮規則推導,震爲雷
雷地豫,震宮,木,一世,震,坤,陰陰陰陽陰陰,1,4,八宮規則推導,雷地豫
雷水解,震宮,木,二世,震,坎,陰陽陰陽陰陰,2,5,八宮規則推導,雷水解
雷風恆,震宮,木,三世,震,巽,陰陽陽陽陰陰,3,6,八宮規則推導,雷風恒
地風升,震宮,木,四世,坤,巽,陰陽陽陰陰陰,4,1,八宮規則推導,地風升
水風井,震宮,木,五世,坎,巽,陰陽陽陰陽陰,5,2,八宮規則推導,水風井
澤風大過,震宮,木,遊魂,兌,巽,陰陽陽陽陽陰,4,1,八宮規則推導,澤風大過
澤雷隨,震宮,木,歸魂,兌,震,陽陰陰陽陽陰,3,6,八宮規則推導,澤雷隨
巽為風,巽宮,木,本宮六世,巽,巽,陰陽陽陰陽陽,6,3,八宮規則推導,巽爲風
風天小畜,巽宮,木,一世,巽,乾,陽陽陽陰陽陽,1,4,八宮規則推導,小畜
風火家人,巽宮,木,二世,巽,離,陽陰陽陰陽陽,2,5,八宮規則推導,家人
風雷益,巽宮,木,三世,巽,震,陽陰陰陰陽陽,3,6,八宮規則推導,風雷益
天雷無妄,巽宮,木,四世,乾,震,陽陰陰陽陽陽,4,1,八宮規則推導,无妄
火雷噬嗑,巽宮,木,五世,離,震,陽陰陰陽陰陽,5,2,八宮規則推導,屬火雷
山雷頤,巽宮,木,遊魂,艮,震,陽陰陰陰陰陽,4,1,八宮規則推導,山雷頥
山風蠱,巽宮,木,歸魂,艮,巽,陰陽陽陰陰陽,3,6,八宮規則推導,蠱
離為火,離宮,火,本宮六世,離,離,陽陰陽陽陰陽,6,3,八宮規則推導,離爲火
火山旅,離宮,火,一世,離,艮,陰陰陽陽陰陽,1,4,八宮規則推導,火山旅
火風鼎,離宮,火,二世,離,巽,陰陽陽陽陰陽,2,5,八宮規則推導,火風鼎
火水未濟,離宮,火,三世,離,坎,陰陽陰陽陰陽,3,6,八宮規則推導,未濟
山水蒙,離宮,火,四世,艮,坎,陰陽陰陰陰陽,4,1,八宮規則推導,蒙
風水渙,離宮,火,五世,巽,坎,陰陽陰陰陽陽,5,2,八宮規則推導,渙
天水訟,離宮,火,遊魂,乾,坎,陰陽陰陽陽陽,4,1,八宮規則推導,訟
天火同人,離宮,火,歸魂,乾,離,陽陰陽陽陽陽,3,6,八宮規則推導,天火同人
坤為地,坤宮,土,本宮六世,坤,坤,陰陰陰陰陰陰,6,3,八宮規則推導,坤爲地
地雷復,坤宮,土,一世,坤,震,陽陰陰陰陰陰,1,4,八宮規則推導,地雷復
地澤臨,坤宮,土,二世,坤,兌,陽陽陰陰陰陰,2,5,八宮規則推導,地澤臨
地天泰,坤宮,土,三世,坤,乾,陽陽陽陰陰陰,3,6,八宮規則推導,泰
雷天大壯,坤宮,土,四世,震,乾,陽陽陽陽陰陰,4,1,八宮規則推導,大壯
澤天夬,坤宮,土,五世,兌,乾,陽陽陽陽陽陰,5,2,八宮規則推導,夬
水天需,坤宮,土,遊魂,坎,乾,陽陽陽陰陽陰,4,1,八宮規則推導,需
水地比,坤宮,土,歸魂,坎,坤,陰陰陰陰陽陰,3,6,八宮規則推導,比
兌為澤,兌宮,金,本宮六世,兌,兌,陽陽陰陽陽陰,6,3,八宮規則推導,兌爲澤
澤水困,兌宮,金,一世,兌,坎,陰陽陰陽陽陰,1,4,八宮規則推導,困
澤地萃,兌宮,金,二世,兌,坤,陰陰陰陽陽陰,2,5,八宮規則推導,萃
澤山咸,兌宮,金,三世,兌,艮,陰陰陽陽陽陰,3,6,八宮規則推導,咸
水山蹇,兌宮,金,四世,坎,艮,陰陰陽陰陽陰,4,1,八宮規則推導,蹇
地山謙,兌宮,金,五世,坤,艮,陰陰陽陰陰陰,5,2,八宮規則推導,謙
雷山小過,兌宮,金,遊魂,震,艮,陰陰陽陽陰陰,4,1,八宮規則推導,小過
雷澤歸妹,兌宮,金,歸魂,震,兌,陽陽陰陽陰陰,3,6,八宮規則推導,歸妹
