序号,卷,原文,译文,上传文件行号
1,卷二十八,夢林玄解卷之二十八夢禳,,989
2,卷二十八,人之寢室臥處須令高爽潔淨則地氣不及鬼吹不干凡鬼氣侵人每因臥榻低溼陰氣逆上以致神魄少寧外與内涉邪厲遊行遂多妄夢故必遵忌行之乃獲寧寢矣四十四方經云夜臥將欲合眼時先以手撫心三過閉目叩齒三通微咒一遍,凡是鬼气侵袭人，大多是因为卧榻低矮潮湿，阴气向上逆行，导致神魄不得安宁，外界与体内相互影响，邪祟肆意游走，于是就会多做荒诞的梦。所以一定要遵守忌讳去做，才能获得安宁的睡眠。《四十四方经》说：夜晚睡觉将要合眼时，先用手抚按心口三次，闭上眼睛叩齿三次，轻声念一遍咒语，咒语是：大灵九宫，太乙守房，百神就位，魂魄和谐，长生不死，堵塞邪气、消灭凶险。,992
3,卷二十八,滅凶如此祝之冥心而睡則魂魄守舍眠臥清寧邪夢不入永獲貞吉也,像这样祝祷后，静心入睡，那么魂魄就会安守在身体里，睡眠就会清净安宁，邪梦不会进入，永远获得吉祥。,996
4,卷二十八,○臨臥諸忌説凡人寢處枕須令高身須令側勿尸臥勿久臥臥勿開口以泄真氣臥勿裸體以瀆三光勿冒寒而臥勿裸臥地上勿當風勿使牀隙進風勿近溼勿臥多言勿臥妄笑勿食𤍠物而臥勿睡醒苦𤍠而急飮水勿沐浴未乾而遽寢臥足勿跂牀懸高手勿當心壓口令人夢魘如人有魘魅勿輕走近魘者臥處勿遽揭帳帷看視及急以火照之恐驚,不要冒着寒冷睡觉，不要光着上身躺在地上，不要正对着风，不要让床缝里吹进风来，不要靠近潮湿的地方，睡觉时不要说太多话，不要睡觉时胡乱发笑，不要吃了热的食物就睡觉，不要睡醒之后因为酷热就急忙喝水，不要洗完澡还没擦干就立刻躺下睡觉。脚不要翘起来悬在床外过高，手不要放在心口、压住嘴巴，否则会使人做噩梦。如果有人被梦魇住了，不要轻易靠近被梦魇住的人。睡觉的地方不要突然掀开帐帷查看，也不要急着用火光照他，恐怕惊动他的魂魄，甚至可能导致他死亡。,999
5,卷二十八,其魂或致殺人須遠遠呼喚俟其漸醒如不醒者就暗中用指甲掐其人中或用口唊大拇指而唾其面摇其體使得神復凡人睡臥中不可取筆墨點畫人面爲戲使遊魂不認其尸亦有致不醒而死者切宜慎忌又人鼾睡之中勿移燈燭照視令人神魂欠安是故寢睡者四時各有宜向春臥東首夏臥南首秋臥西首惟冬月可北首乘位以迎氣也是故凡人夜行及冥臥心中有所恐怖者當存日月之光入我明堂之中則百邪自散夜有所夢旦勿輕以告人此皆三才避忌之要可不謹哉,必须远远地呼唤，等他渐渐苏醒。若还不醒，就在暗中用指甲掐他的人中，或用嘴含住他的大拇指，然后向他脸上吐唾沫，摇晃他的身体，让他恢复神志。凡是人在睡卧的时候，不可以拿笔墨在人脸上点画来取乐，否则会让魂魄认不出自己的身体，也有导致人醒不过来而死亡的情况，一定要谨慎忌讳。另外，在别人熟睡打鼾时，不要移动灯烛去照看，这会使人神魂不安。因此睡觉的人，四季各有适宜的卧向，春天头朝东睡，夏天头朝南睡，秋天头朝西睡，只有冬天可以头朝北睡，这是顺应方位来迎接生气。所以凡是人在夜间行走或者在昏暗的环境中睡觉，心中感到恐惧的人，应当想象日月的光芒进入自己的明堂之中，那么各种邪祟自然就会消散。夜里做了梦，第二天早上也不要轻易讲给别人听。这些都是三才避忌的要点，怎能不谨慎！,1001
6,卷二十八,解辟惡夢符敕真言説太素真人教始學者辟惡夢法凡寢臥之中若數遇惡夢者一曰魄妖之夢二曰心試之夢三曰尸賊之夢今示厭消之方救濟世人若見惡夢旣覺之時用左手捻入人中二七過叩齒二七通乃微咒之,现在传授驱除恶梦的方法，来救济世人。如果做了噩梦，醒来的时候，用左手掐按人中十四遍，叩齿十四下，然后轻声念咒，咒语是：太洞真玄，长练三魂。,1004
7,卷二十八,太洞真玄長練三魂第一魂速守七魄第二魂速守泥丸第三魂受心節度速啓太素三元君向遇不祥之夢是七魄遊尸來協邪源急召桃康護命上告帝君五老九真各守體門黄闕神師紫户將軍把鉞握鈴消滅惡精返凶成吉生死無緣,第一魂，快速守护七魄；第二魂，快速守护泥丸；第三魂听从心的指挥，快速启禀太素三元君。刚才遇到了不祥的梦境，是七魄游尸，来勾结邪恶的根源，赶快召唤桃康来保护性命，向上报告给帝君。五老九真，各自守住身体的门户。黄阙神师，紫户将军，手持斧钺、握着铃铛，消灭邪恶精怪。将凶险转化为吉祥，与生死灾祸不再有缘分。,1007
8,卷二十八,咒畢再依法書符敕厭之必獲吉應而造爲惡夢之氣受閉於三關之下矣符敕書訣列於左方,念完咒语后，再依照方法书写符箓来镇压它，必定会获得吉祥的应验，而导致噩梦的邪气，就会被封闭在三关之下了。符箓敕令的书写口诀列在左边。,1009
9,卷二十八,○思三台厭惡夢咒説上台中台下台,,1014
10,卷二十八,如此祝之夢不爲殃,像这样祝祷，梦就不会带来灾祸了。,1021
