類目,條目數,明標次數,鍵數,上傳行號起,上傳行號訖,卷
天日月星,28,5,21,2,30,卷二十五
風雷雨雪,25,5,21,30,58,卷二十五
雲煙霜露,26,5,20,58,88,卷二十五
地山水路,21,3,17,88,126,卷二十五
田囿橋城,31,6,21,126,168,卷二十五
時日節令,46,6,30,168,212,卷二十五
君臣父母師友兄弟,23,2,17,216,256,卷二十五
夫妻子孫眷戚鄰里,25,3,18,292,411,跨卷
冠衣裳屨,31,4,21,411,453,卷二十六
樓屋臺亭,57,4,21,455,539,卷二十六
堦庭井竈,14,4,8,539,561,卷二十六
木葉花果,14,2,8,561,609,卷二十六
舟車書筆,24,3,19,619,651,卷二十六
刀硯鏡釵,33,1,21,653,689,卷二十六
耜網弓矢,27,1,21,691,723,卷二十六
頭齒手足,64,1,22,723,811,卷二十六
鳳鸞鶴雁,29,4,21,813,847,卷二十六
龍蛇魚鼈,28,4,20,849,887,卷二十六
穀肉茶酒,44,2,18,887,986,卷二十六
(未標類目),1,0,0,2,2,卷二十五
