字串,校本命中數,校本行號,校本原文
"披髮戴冠",0,"",""
"披髮遊市塵中",0,"",""
"披髮不出戶庭",0,"",""
"披髮爲厲",0,"",""
"露頂披髮蓋面",0,"",""
"帝王邀請",1,"5766","帝王邀請"
"神龜",5,"8711","宋元君夜夢有人被髪云予爲清江使河伯漁者豫且得予元君覺召占夢者占之曰此神龜也明日豫且網得白龜而獻乃殺以卜七十鑽而無遺策"
"黃龜",2,"23118","梅堯臣字聖俞和永叔洗兒詩曰夜夢有人衣帔占𭘠水邊授我黃龜兒明朝我婦忽在蓐乃生男子曰實秀眉凡夢此者主生子之兆"
"苻堅",8,"8852","秦主苻生夜對侍婢曰阿法兄弟亦不可信明當除之是夜法夢神告之曰旦將禍集汝門惟先覺者可以免之寤而心悸會侍婢來告乃與特進梁平等率壯士濳人雲龍門苻堅等鼓噪繼進宿衛皆捨杖生猶昏寐未寤堅等引置别室俄而殺之"
"符秦",1,"23114","秦主苻堅初年高陵人穿井得龜大三尺背有八卦文堅命太卜池養之食以粟及太元末年龜死藏其殻於太廟其夜廟丞高虜夢龜謂之曰我本出將歸江南遭時不遇殞命秦庭旁有人謂虜曰龜三千六百歲而終終必妖興亡國之徵也未幾符秦敗"
"槐安國",1,"5773","唐淳于棼住廣陵東宅有大槐𣗳時飮其下一日病卧夢二紫衣自言槐安國王使者相邀呼之曰駙馬因娶之以女且命爲南柯太守貴幸者若二十年迨寤驚感出尋槐下一穴知即夢中所經入處將謂邪祟遂命僕荷斧斷之見有大穴謂槐安國乎直上南枝可三四丈亦有土穴即"
"淳于棼",3,"5773","唐淳于棼住廣陵東宅有大槐𣗳時飮其下一日病卧夢二紫衣自言槐安國王使者相邀呼之曰駙馬因娶之以女且命爲南柯太守貴幸者若二十年迨寤驚感出尋槐下一穴知即夢中所經入處將謂邪祟遂命僕荷斧斷之見有大穴謂槐安國乎直上南枝可三四丈亦有土穴即"
"金鼎",1,"25669","金鼎吉"
"大金鐘",1,"25673","大金鐘吉"
"金剛鑽",1,"25677","金剛鑽吉"
"指物令名",1,"27960","指物令名"
"壬癸日",20,"15556","舟主木卦象爲震舟在水中爲巽坎日渙易曰風行水上渙天地之至文○夢舟中載木爲風雷益損上益下下得益則上得昌上損巳則下必盡力是之謂益○舟下係木爲震巽曰恒恒者常也久也夢之主得恒產○夢舟中載石石屬山山曰艮于卦曰山雷頥其兆沂流而上曰拂頥"
"亥子日",18,"29473","亥子日夢登上，"
"寅卯日",18,"29481","寅卯日夢靑亮"
"巳午日",16,"29487","巳午日夢紅赤"
"天日月星",5,"842","天日月星 風雷雨雪 雲𤇆霧露"
"賈逵",3,"6260","王陵貳于司馬懿爲懿所收道經賈逵廟陵呼曰賈梁道王陵是魏忠臣惟爾有神知之時四月也至六月懿寢疾夢賈逵王陵爲祟遂薨"
"王凌",3,"39122","王凌貳於司馬懿爲懿所收"
"將相",19,"570","帝王 聖賢 將相"
