比法,類別,底本(用戶docx),校本(HY1523),上下文
原文直比,校本有・底本無,夢林玄解卷之二十八夢禳寢室臥咒説咒曰大靈九宮大乙守房百神參位魂魄和同長生不死塞邪滅凶如此祝之冥心而睡則魂魄守舍眠臥清寧邪,,夢林玄解卷之二十八夢禳寢室臥咒説咒曰大靈九宮大乙守房百神參位魂魄和同長生不死塞邪滅凶如此祝之冥心而睡則魂魄守舍眠臥清寧邪
原文直比,底本有・校本無,,夢原引,夢林玄解卷之二十八夢原引甲戌之歲冏卿子極何公出家
原文直比,字形異寫(同字數),歲,嵗,解卷之二十八夢原引甲戌之歲冏卿子極何公出家藏夢林玄
原文直比,字形異寫(同字數),藏,蔵,甲戌之歲冏卿子極何公出家藏夢林玄觧一書屬不佞訂參删
原文直比,字形異寫(同字數),參删,叅刪,家藏夢林玄觧一書屬不佞訂參删補焉且益發所貯卷帙更購海
原文直比,字形異寫(同字數),發,彂,一書屬不佞訂參删補焉且益發所貯卷帙更購海内遺編以授
原文直比,字形異寫(同字數),更,㪅,訂參删補焉且益發所貯卷帙更購海内遺編以授曰書止一占
原文直比,字形異寫(同字數),編,编,且益發所貯卷帙更購海内遺編以授曰書止一占今宜附以禳
原文直比,字形異寫(同字數),宜,㝖,海内遺編以授曰書止一占今宜附以禳辟之説蓋贈悉獻吉昉
原文直比,字形異寫(同字數),説,說,曰書止一占今宜附以禳辟之説蓋贈悉獻吉昉乎周禮非荒誕
原文直比,字形異寫(同字數),與,与,唯迺蚤夜簡閲一本飬吾之舊與駿眀氏所集悉心考較次其編
原文直比,字形異寫(同字數),編,编,與駿眀氏所集悉心考較次其編目芟其蕪紊裨其缺略不敢謬
原文直比,字形異寫(同字數),裨,禆,悉心考較次其編目芟其蕪紊裨其缺略不敢謬附已見而亦非
原文直比,字形異寫(同字數),蠹,螙,謬附已見而亦非復曩書之殘蠹以矣凡兩經霜汗輯成回靜念
原文直比,字形異寫(同字數),輯,辑,曩書之殘蠹以矣凡兩經霜汗輯成回靜念夢幻幻語倡夢卜吾
原文直比,字形異寫(同字數),幻幻語,真真语,矣凡兩經霜汗輯成回靜念夢幻幻語倡夢卜吾道之興衰尚可謂夢
原文直比,底本有・校本無,,自释典其實上古聖賢如風后刀牧伊尹傅说之儔眀良相際每每得渚夢寐且孔子至聖也其不為迂妄人所共信而亦以周公不,霜汗輯成回靜念夢幻幻語倡夢卜吾道之興衰尚可謂夢幻
原文直比,字形異寫(同字數),謂,谓,幻語倡夢卜吾道之興衰尚可謂夢幻也邪乃洵人之發夢的有
原文直比,字形異寫(同字數),幻,真,倡夢卜吾道之興衰尚可謂夢幻也邪乃洵人之發夢的有源頭
原文直比,字形異寫(同字數),發,彂,衰尚可謂夢幻也邪乃洵人之發夢的有源頭夢之所形歷有成
原文直比,字形異寫(同字數),歷,㦄,人之發夢的有源頭夢之所形歷有成騐然則不遡所繇來不稽
原文直比,字形異寫(同字數),來,来,所形歷有成騐然則不遡所繇來不稽之已往猶未成其書之全
原文直比,字形異寫(同字數),虚,虗,往猶未成其書之全耳爰據凌虚張子所揖夢占纇考而推廣之
原文直比,字形異寫(同字數),來,来,推廣之兩分之一曰夢原遡繇來也一曰夢徴稽已徃也使天下
原文直比,字形異寫(同字數),徃,往,夢原遡繇來也一曰夢徴稽已徃也使天下信其占而又有以除
原文直比,字形異寫(同字數),更,㪅,而又有以除其不祥悟其原而更有以劵其不誣同鄉見而喜曰
原文直比,字形異寫(同字數),誣,诬,不祥悟其原而更有以劵其不誣同鄉見而喜曰庶幾㢤可以補
原文直比,字形異寫(同字數),宇,㝢,同鄉見而喜曰庶幾㢤可以補宇内載籍所未維長柳煇經之全
原文直比,字形異寫(同字數),維,维,庶幾㢤可以補宇内載籍所未維長柳煇經之全當不遇是矣遂
原文直比,字形異寫(同字數),柳,栁,㢤可以補宇内載籍所未維長柳煇經之全當不遇是矣遂漫茟
原文直比,字形異寫(同字數),經,经,以補宇内載籍所未維長柳煇經之全當不遇是矣遂漫茟熾此
原文直比,底本有・校本無,,卷之二十九目錄,冬也紫水山人黄堂書于吾漚夢林玄解卷之二十四夢占長
原文直比,異文(字數不同),四夢占長桞五神傳變二氣發夢圖説據圖端舊元有經世久湮埋今僅存此圖得之雲山古塜惜乎其殘缺不全矣研心反覆數歷暑寒聊以臆解疣贅一,九,書于吾漚夢林玄解卷之二十四夢占長桞五神傳變二氣發夢圖説據圖端舊元有經世久湮埋今僅存此圖得之雲山古塜惜乎其殘缺不全矣研心反
原文直比,異文(字數不同),肝膽手鬚髮穀食蔬菜冠巾帽笄布帛絹䋵纊絮衾帷樓閣倉廒亭臺牕户棟梁車舟楫弓矢鹵簿籩豆桌鼓木魚板箎犁機梭筐篚梳櫛規矩網羅衡釣綸,錄,橋林木小兒書籍紙筆頭眼目肝膽手鬚髮穀食蔬菜冠巾帽笄布帛絹䋵纊絮衾帷樓閣倉廒亭臺牕户棟梁車舟楫弓矢鹵簿籩豆桌鼓木魚板箎犁機
原文直比,底本有・校本無,,九目錄夢原攷古素問二條靈樞經一條周禮,夢之旨也夢林玄解卷之二十四夢占長桞五神傳變二氣發
原文直比,底本有・校本無,,條周書泰誓一條毛詩小雅斯干一條毛詩小雅正月一條孔氏一條莊子一條列子三條荀子一條淮南子一條說苑二條孔頴達一條史記一條漢書一,之旨也夢林玄解卷之二十四夢占長桞五神傳變二氣發夢
原文直比,底本有・校本無,,㫖二十六條并序眞宰,也夢林玄解卷之二十四夢占長桞五神傳變二氣發夢圖説
原文直比,異文(字數不同),桞五神傳,柳衆占宗空聖人感,夢林玄解卷之二十四夢占長桞五神傳變二氣發夢圖説據圖端舊元
原文直比,異文(字數不同),二氣發夢圖説據圖端舊元有經世久湮埋今僅存此圖得之雲山古塜惜乎其殘缺不全矣研心反覆數歷暑寒聊以臆解疣贅一二敢云獲古之心乎乃,天,之二十四夢占長桞五神傳變二氣發夢圖説據圖端舊元有經世久湮埋今僅存此圖得之雲山古塜惜乎其殘缺不全矣研心反覆數歷暑寒聊以臆解
原文直比,校本有・底本無,弗獲焉真絶代靈笈後有知者能測而識之古昔占夢之指庶幾復有繼起矣幸勿忽諸大建元年肇慶東安劉蒨記身有五臓臓有五神神有五運夫人夢,,非沉於内觀探五神之根源者弗獲焉真絶代靈笈後有知者能測而識之古昔占夢之指庶幾復有繼起矣幸勿忽諸大建元年肇慶東安劉蒨記身有五
原文直比,異文(字數不同),星斗雲霞閃電霹靂煙霧火光帝王,雷雨山川形貌食衣器物財貨筆墨字畫甲,蟲蛆東方青色心屬之物日月星斗雲霞閃電霹靂煙霧火光帝王神聖舌心酒肉食冕旒龍衮黼
原文直比,異文(字數不同),聖舌心酒肉食冕旒,怪壽命鳳鳥獸羣,霞閃電霹靂煙霧火光帝王神聖舌心酒肉食冕旒龍衮黼黻緋袍鳳冠塔殿閣竈
原文直比,校本有・底本無,衮黼黻緋袍鳳冠塔殿閣竈廐寺觀輪輻礟琴瑟風車繩索珊瑚琥珀硃砂牡丹榴葵蓮松楓棗栗鳳鷫鸘鵬鵠猴雉雞馬,,帝王神聖舌心酒肉食冕旒龍衮黼黻緋袍鳳冠塔殿閣竈廐寺觀輪輻礟琴瑟風車繩索珊瑚琥珀硃砂牡丹榴葵蓮松楓棗栗鳳鷫鸘鵬鵠猴雉雞馬蛇
原文直比,校本有・底本無,鼠獅虎彪熊豕,,棗栗鳳鷫鸘鵬鵠猴雉雞馬蛇鼠獅虎彪熊豕龜蜂蟻螢蜈蚣南方赤色南方
原文直比,異文(字數不同),蜂蟻螢蜈蚣南方赤色南方属赤色有桥梁洪涛中的巨舰虹霓映照的峻岭爆竹烟火檀,魚草,猴雉雞馬蛇鼠獅虎彪熊豕龜蜂蟻螢蜈蚣南方赤色南方属赤色有桥梁洪涛中的巨舰虹霓映照的峻岭爆竹烟火檀木和麝香橋梁洪濤巨艦虹霓
原文直比,異文(字數不同),和麝香橋梁洪濤巨艦虹霓峻嶺爆竹烟火檀麝脾屬之物星地土山城塞野岸堰路田苑囿圃墳墓身鼻腹脾胃腸臍臀糞珮紳帶笏宮闕庫藏礎石坑厠,施報泛喻,霓映照的峻岭爆竹烟火檀木和麝香橋梁洪濤巨艦虹霓峻嶺爆竹烟火檀麝脾屬之物星地土山城塞野岸堰路田苑囿圃墳墓身鼻腹脾胃腸臍臀糞
原文直比,底本有・校本無,,九目錄卷之二十九夢林玄解卷之二十九夢林玄解卷之二十九朙古吳外史凌虚張鳳翼錄輯茂苑居士紫水黃堂增補夢原夢原素問素問秋剌夏分,夢之旨也夢林玄解卷之二十四
原文直比,底本有・校本無,,曰謀五曰果六曰至七曰雨八曰瘳以八命贊三兆三易三夢之占以觀國家之吉凶以詔救政占夢掌其歲時觀天地之會辨陰陽之氣以日月星辰占六,之旨也夢林玄解卷之二十四
異體字折合後,校本有・底本無,夢林玄解卷之二十八夢禳寢室臥咒說咒曰大靈九宮大乙守房百神參位魂魄和同長生不死塞邪滅凶如此祝之冥心而睡則魂魄守舍眠臥清寧邪,,夢林玄解卷之二十八夢禳寢室臥咒說咒曰大靈九宮大乙守房百神參位魂魄和同長生不死塞邪滅凶如此祝之冥心而睡則魂魄守舍眠臥清寧邪
異體字折合後,底本有・校本無,,夢原引,夢林玄解卷之二十八夢原引甲戌之歲冏卿子極何公出家
異體字折合後,字形異寫(同字數),歲,嵗,解卷之二十八夢原引甲戌之歲冏卿子極何公出家藏夢林玄
異體字折合後,字形異寫(同字數),藏,蔵,甲戌之歲冏卿子極何公出家藏夢林玄觧一書屬不佞訂參删
異體字折合後,字形異寫(同字數),參删,叅刪,家藏夢林玄觧一書屬不佞訂參删補焉且益發所貯卷帙更購海
異體字折合後,字形異寫(同字數),發,彂,一書屬不佞訂參删補焉且益發所貯卷帙更購海內遺編以授
異體字折合後,字形異寫(同字數),更,㪅,訂參删補焉且益發所貯卷帙更購海內遺編以授曰書止一占
異體字折合後,字形異寫(同字數),編,编,且益發所貯卷帙更購海內遺編以授曰書止一占今宜附以禳
異體字折合後,字形異寫(同字數),宜,㝖,海內遺編以授曰書止一占今宜附以禳辟之說蓋贈悉獻吉昉
異體字折合後,字形異寫(同字數),與,与,唯迺蚤夜簡閲一本飬吾之舊與駿眀氏所集悉心考較次其編
異體字折合後,字形異寫(同字數),編,编,與駿眀氏所集悉心考較次其編目芟其蕪紊裨其缺略不敢謬
異體字折合後,字形異寫(同字數),裨,禆,悉心考較次其編目芟其蕪紊裨其缺略不敢謬附已見而亦非
異體字折合後,字形異寫(同字數),蠹,螙,謬附已見而亦非復曩書之殘蠹以矣凡兩經霜汗輯成回靜念
異體字折合後,字形異寫(同字數),輯,辑,曩書之殘蠹以矣凡兩經霜汗輯成回靜念夢幻幻語倡夢卜吾
異體字折合後,字形異寫(同字數),幻幻語,真真语,矣凡兩經霜汗輯成回靜念夢幻幻語倡夢卜吾道之興衰尚可謂夢
異體字折合後,底本有・校本無,,自释典其實上古聖賢如風后刀牧伊尹傅说之儔眀良相際每每得渚夢寐且孔子至聖也其不為迂妄人所共信而亦以周公不,霜汗輯成回靜念夢幻幻語倡夢卜吾道之興衰尚可謂夢幻
異體字折合後,字形異寫(同字數),謂,谓,幻語倡夢卜吾道之興衰尚可謂夢幻也邪乃洵人之發夢的有
異體字折合後,字形異寫(同字數),幻,真,倡夢卜吾道之興衰尚可謂夢幻也邪乃洵人之發夢的有源頭
異體字折合後,字形異寫(同字數),發,彂,衰尚可謂夢幻也邪乃洵人之發夢的有源頭夢之所形歷有成
異體字折合後,字形異寫(同字數),歷,㦄,人之發夢的有源頭夢之所形歷有成騐然則不遡所繇來不稽
異體字折合後,字形異寫(同字數),來,来,所形歷有成騐然則不遡所繇來不稽之已往猶未成其書之全
異體字折合後,字形異寫(同字數),虚,虗,往猶未成其書之全耳爰據凌虚張子所揖夢占纇考而推廣之
異體字折合後,字形異寫(同字數),來,来,推廣之兩分之一曰夢原遡繇來也一曰夢徴稽已徃也使天下
異體字折合後,字形異寫(同字數),徃,往,夢原遡繇來也一曰夢徴稽已徃也使天下信其占而又有以除
異體字折合後,字形異寫(同字數),更,㪅,而又有以除其不祥悟其原而更有以劵其不誣同鄉見而喜曰
異體字折合後,字形異寫(同字數),誣,诬,不祥悟其原而更有以劵其不誣同鄉見而喜曰庶幾㢤可以補
異體字折合後,字形異寫(同字數),宇,㝢,同鄉見而喜曰庶幾㢤可以補宇內載籍所未維長柳煇經之全
異體字折合後,字形異寫(同字數),維,维,庶幾㢤可以補宇內載籍所未維長柳煇經之全當不遇是矣遂
異體字折合後,字形異寫(同字數),柳,栁,㢤可以補宇內載籍所未維長柳煇經之全當不遇是矣遂漫茟
異體字折合後,字形異寫(同字數),經,经,以補宇內載籍所未維長柳煇經之全當不遇是矣遂漫茟熾此
異體字折合後,底本有・校本無,,卷之二十九目錄,冬也紫水山人黄堂書于吾漚夢林玄解卷之二十四夢占長
異體字折合後,異文(字數不同),四夢占長桞五神傳變二氣發夢圖說據圖端舊元有經世久湮埋今僅存此圖得之雲山古塜惜乎其殘缺不全矣研心反覆數歷暑寒聊以臆解疣贅一,九,書于吾漚夢林玄解卷之二十四夢占長桞五神傳變二氣發夢圖說據圖端舊元有經世久湮埋今僅存此圖得之雲山古塜惜乎其殘缺不全矣研心反
異體字折合後,異文(字數不同),肝膽手鬚髮穀食蔬菜冠巾帽笄布帛絹䋵纊絮衾帷樓閣倉廒亭臺牕户棟梁車舟楫弓矢鹵簿籩豆桌鼓木魚板箎犁機梭筐篚梳櫛規矩網羅衡釣綸,錄,橋林木小兒書籍紙筆頭眼目肝膽手鬚髮穀食蔬菜冠巾帽笄布帛絹䋵纊絮衾帷樓閣倉廒亭臺牕户棟梁車舟楫弓矢鹵簿籩豆桌鼓木魚板箎犁機
異體字折合後,底本有・校本無,,九目錄夢原攷古素問二條靈樞經一條周禮,夢之旨也夢林玄解卷之二十四夢占長桞五神傳變二氣發
異體字折合後,底本有・校本無,,條周書泰誓一條毛詩小雅斯干一條毛詩小雅正月一條孔氏一條莊子一條列子三條荀子一條淮南子一條說苑二條孔頴達一條史記一條漢書一,之旨也夢林玄解卷之二十四夢占長桞五神傳變二氣發夢
異體字折合後,底本有・校本無,,㫖二十六條并序真宰,也夢林玄解卷之二十四夢占長桞五神傳變二氣發夢圖說
異體字折合後,異文(字數不同),桞五神傳,柳眾占宗空聖人感,夢林玄解卷之二十四夢占長桞五神傳變二氣發夢圖說據圖端舊元
異體字折合後,異文(字數不同),二氣發夢圖說據圖端舊元有經世久湮埋今僅存此圖得之雲山古塜惜乎其殘缺不全矣研心反覆數歷暑寒聊以臆解疣贅一二敢云獲古之心乎乃,天,之二十四夢占長桞五神傳變二氣發夢圖說據圖端舊元有經世久湮埋今僅存此圖得之雲山古塜惜乎其殘缺不全矣研心反覆數歷暑寒聊以臆解
異體字折合後,校本有・底本無,弗獲焉真絶代靈笈後有知者能測而識之古昔占夢之指庶幾復有繼起矣幸勿忽諸大建元年肇慶東安劉蒨記身有五臓臓有五神神有五運夫人夢,,非沉於內觀探五神之根源者弗獲焉真絶代靈笈後有知者能測而識之古昔占夢之指庶幾復有繼起矣幸勿忽諸大建元年肇慶東安劉蒨記身有五
異體字折合後,異文(字數不同),星斗雲霞閃電霹靂煙霧火光帝王,雷雨山川形貌食衣器物財貨筆墨字畫甲,蟲蛆東方青色心屬之物日月星斗雲霞閃電霹靂煙霧火光帝王神聖舌心酒肉食冕旒龍衮黼
異體字折合後,異文(字數不同),聖舌心酒肉食冕旒,怪壽命鳳鳥獸群,霞閃電霹靂煙霧火光帝王神聖舌心酒肉食冕旒龍衮黼黻緋袍鳳冠塔殿閣竈
異體字折合後,校本有・底本無,衮黼黻緋袍鳳冠塔殿閣竈廐寺觀輪輻礟琴瑟風車繩索珊瑚琥珀硃砂牡丹榴葵蓮松楓棗栗鳳鷫鸘鵬鵠猴雉雞馬,,帝王神聖舌心酒肉食冕旒龍衮黼黻緋袍鳳冠塔殿閣竈廐寺觀輪輻礟琴瑟風車繩索珊瑚琥珀硃砂牡丹榴葵蓮松楓棗栗鳳鷫鸘鵬鵠猴雉雞馬蛇
異體字折合後,校本有・底本無,鼠獅虎彪熊豕,,棗栗鳳鷫鸘鵬鵠猴雉雞馬蛇鼠獅虎彪熊豕龜蜂蟻螢蜈蚣南方赤色南方
異體字折合後,異文(字數不同),蜂蟻螢蜈蚣南方赤色南方属赤色有桥梁洪涛中的巨舰虹霓映照的峻岭爆竹煙火檀,魚草,猴雉雞馬蛇鼠獅虎彪熊豕龜蜂蟻螢蜈蚣南方赤色南方属赤色有桥梁洪涛中的巨舰虹霓映照的峻岭爆竹煙火檀木和麝香橋梁洪濤巨艦虹霓
異體字折合後,異文(字數不同),和麝香橋梁洪濤巨艦虹霓峻嶺爆竹煙火檀麝脾屬之物星地土山城塞野岸堰路田苑囿圃墳墓身鼻腹脾胃腸臍臀糞珮紳帶笏宮闕庫藏礎石坑厠,施報泛喻,霓映照的峻岭爆竹煙火檀木和麝香橋梁洪濤巨艦虹霓峻嶺爆竹煙火檀麝脾屬之物星地土山城塞野岸堰路田苑囿圃墳墓身鼻腹脾胃腸臍臀糞
異體字折合後,底本有・校本無,,九目錄卷之二十九夢林玄解卷之二十九夢林玄解卷之二十九朙古吳外史凌虚張鳳翼錄輯茂苑居士紫水黃堂增補夢原夢原素問素問秋剌夏分,夢之旨也夢林玄解卷之二十四
異體字折合後,底本有・校本無,,曰謀五曰果六曰至七曰雨八曰瘳以八命贊三兆三易三夢之占以觀國家之吉凶以詔救政占夢掌其歲時觀天地之會辨陰陽之氣以日月星辰占六,之旨也夢林玄解卷之二十四
