序,映像檔,KB,docx中前置文字
1,image1.png,148,
2,image2.png,420,
3,image3.png,267,
4,image4.png,367,
5,image5.png,376,
6,image6.png,362,
7,image7.png,326,
8,image8.png,234,
9,image9.png,377,
10,image10.png,264,
11,image11.png,234,
12,image12.png,248,
13,image13.png,287,
14,image14.png,290,
15,image15.png,340,
16,image16.png,287,
17,image17.png,278,
18,image18.png,312,
19,image19.png,241,
20,image20.png,238,
21,image21.png,297,
22,image22.png,243,
23,image23.png,222,
24,image24.png,228,
25,image25.png,221,
26,image26.png,232,
27,image27.png,221,
28,image28.png,300,
29,image29.png,357,
30,image30.png,230,
31,image31.png,214,
32,image32.png,336,
33,image33.png,338,
34,image34.png,313,
35,image35.png,290,
36,image36.png,358,
37,image37.png,357,
38,image38.png,326,
39,image39.png,322,
40,image40.png,268,
41,image41.png,278,
42,image42.png,287,
43,image43.png,299,
44,image44.png,326,
45,image45.png,331,
46,image46.png,335,
47,image47.png,322,
