序,圖版讀字（圖題）,校本目錄原文,校本行號,判定
28,五神傳夢吉圖,五神傳夢吉圖并說,28784,一致
29,五神傳夢凶圖,五神傳夢凶圖并說,28786,一致
30,五神環傳夢吉圖,五神環傳夢吉圖并說,28788,一致
31,五神環傳夢凶圖,五神環傳夢凶圖并說,28790,一致
32,五神傳夢吉藏凶圖,五神傳夢吉藏凶圖并說,28792,一致
33,五神傳夢凶藏吉圖,五神傳夢凶藏吉圖并說,28794,一致
34,五神變傳夢吉圖,五神變傳夢吉圖并說,28796,一致
35,五神變傳夢凶圖,五神變傳夢凶圖并說,28798,一致
36,五神混傳迭化吉凶方圖,五神混傳迭化吉凶方圖并說,28800,一致
37,五神混傳迭化吉凶圓圖,五神混傳迭化吉凶圓圖并說,28802,一致
38,五神因夢配五行圖,五神因夢配五行圖并說,28804,一致
39,五神乘夢配八卦圖,五神乘夢配八卦圖并說,28806,一致
40,陽氣盛極發夢圖,陽氣盛極發夢圖并說,28828,一致
41,陰氣盛極發夢圖,陰氣盛極發夢圖并說,28830,一致
42,陽氣虚極轉夢圖,陽氣虚極轉夢圖并說,28832,一致
43,陰氣虚極轉夢圖,陰氣虚極轉夢圖并說,28834,一致
44,二氣盛衰傳夢圖,二氣盛衰傳夢圖并說,28836,一致
45,二氣虚實傳夢圖,二氣虚實傳夢圖并說,28838,一致
46,二氣俱盛見夢圖,二氣俱盛見夢圖并說,28840,一致
47,二氣俱虚見夢圖,二氣俱虚見夢圖并說,28842,一致
