臟,類,項名,行號
肝,事,不盡類推,28918
肝,事,鬥毆刳殺爭訟,28920
肝,事,拷訊杖責怒氣,28922
肝,事,罵詈叱吒伏,28924
肝,事,坐立負抱謁訪,28926
肝,事,迎送殯殮冠笄,28928
肝,事,種植櫛髮酗酒,28930
肝,事,撃毬跳越御車,28932
肝,事,雕塑擔荷織作,28934
肝,事,畋獵决斷謀慮,28936
肝,事,觀看呼吸動搖,28938
肝,事,顫掉旋轉飄揚,28940
肝,事,虚浮行空登高,28942
肝,事,渉險執持擒捉,28944
肝,事,擎舉提挈搬移,28946
心,事,不盡類推,28949
心,事,捕捉火燒跪屈,28951
心,事,飛盟誓恐畏,28953
心,事,宴會嫁娶考試,28955
心,事,疾病慶賀喜,28957
心,事,歡聚吟誦遷移,28959
心,事,驚仕宦狂,28961
心,事,繪画陞擢算數,28963
心,事,炊㸑撫掌洗滌,28965
心,事,聲韻音響,28967
脾,事,不盡類,28970
脾,事,歌舞匠作笑,28972
脾,事,飲食祭享身重,28974
脾,事,葬埋取予交易,28976
脾,事,耕作大便縫補,28978
脾,事,祝佛事跳躍,28980
脾,事,醫治陶冶扶覘,28982
脾,事,牧養,28984
肺,事,不盡類推,28987
肺,事,戰鬥殺戮呼召,28989
肺,事,言語啑咳哭泣,28991
肺,事,生死飛揚奔馳,28993
肺,事,悲涕大叫冶鑄,28995
肺,事,借貸呪咀吹彈,28997
肺,事,憂思分析戲演,28999
肺,事,卜筮鐫刻搬運,29001
肺,事,聲啞唾啐弔奠,29003
肺,事,歌舞,29005
腎,事,不盡類推,29008
腎,事,拜揖行步墜墮,29010
腎,事,盜發溺水涉水,29012
腎,事,分别沐浴溲便,29014
腎,事,姤孕灑掃盥洗,29016
腎,事,遊玩寢臥汗濕,29018
腎,事,磨碾淘汰臨釣,29020
腎,事,服役染采駕舟,29022
肝,物,不盡類推,29025
肝,物,風雷橋,29027
肝,物,林木小兒書籍,29029
肝,物,紙筆頭眼目,29031
肝,物,肝膽手鬚髪,29033
肝,物,穀食蔬菜冠巾,29035
肝,物,帽笄布帛,29037
肝,物,絹䋵纊絮衾,29039
肝,物,帷樓閣倉厫,29041
肝,物,亭臺牕户棟梁,29043
肝,物,車舟楫弓矢,29045
肝,物,鹵簿籩豆桌,29047
肝,物,鼓木魚板,29049
肝,物,箎犂機梭,29051
肝,物,筐篚梳櫛規矩,29053
肝,物,網羅衡釣綸,29055
肝,物,牿杏李,29057
肝,物,梅桃蘆,29059
肝,物,蓬麻榆梓,29061
肝,物,杉檜檀,29063
肝,物,孔雀鶯鸞,29065
肝,物,鷓鴣戴勝麟,29067
肝,物,象獬豸狼,29069
肝,物,豻蛟魚,29071
肝,物,鼇蠶蝶,29073
肝,物,蛾子蟲蛆,29075
肝,物,東方,29076
肝,物,靑色,29078
心,物,不盡類推,29081
心,物,日月星斗雲霞,29083
心,物,閃電霹靂煙霧,29085
心,物,火光帝王神聖,29087
心,物,舌心酒,29089
心,物,肉食冕旒龍衮,29091
心,物,黼黻緋袍鳳冠,29093
心,物,塔殿閣竈,29095
心,物,廐寺觀輪輻,29097
心,物,礟琴瑟風車,29099
心,物,繩索珊瑚琥珀,29101
心,物,硃砂牡丹橊,29103
心,物,葵蓮松,29105
心,物,楓棗栗,29107
心,物,鳳鷫鸘鵬,29109
心,物,鵠猴雉,29111
心,物,雞馬蛇,29113
心,物,鼠獅虎,29115
心,物,彪熊豕,29117
心,物,龜蜂蟻螢,29119
心,物,蜈蚣,29121
心,物,南方赤色,29122
心,物,橋梁洪濤巨艦,29124
心,物,虹霓峻嶺爆竹,29126
心,物,烟火檀麝,29128
脾,物,不盡類推,29131
脾,物,星地土山,29133
脾,物,城塞野岸堰,29135
脾,物,路田苑囿,29137
脾,物,圃墳墓身,29139
脾,物,鼻腹脾胃,29141
脾,物,腸臍臀,29143
脾,物,糞珮紳帶,29145
脾,物,笏宮闕庫藏,29147
脾,物,礎石坑厠檣桅,29149
脾,物,墨床榻椅,29151
脾,物,石磬甌缶塤,29153
脾,物,鞍轡玉寶石,29155
脾,物,貝瑪瑙石萱,29157
脾,物,草蔬黍禾,29159
脾,物,稷榖麥菽,29161
脾,物,烏鵝貉,29163
脾,物,獐駝蜣螂,29165
脾,物,蝠蠍蝨,29167
脾,物,中央,29168
脾,物,黄色,29170
肺,物,不盡類推,29173
肺,物,天石耳,29175
肺,物,骨咽喉肺,29177
肺,物,鐶鐲劒廳堂,29179
肺,物,井鈕硯,29181
肺,物,戟矛斧鎚,29183
肺,物,爵銀盃瓦巵,29185
肺,物,鐘磬笙竽簫筦,29187
肺,物,鎛銍鍬水車,29189
肺,物,釵鈿口庭,29191
肺,物,斤鋸鑼鐃鈴,29193
肺,物,銀銅錫,29195
肺,物,鐵錢桂花,29197
肺,物,薇菊花竹,29199
肺,物,栢槐桑,29201
肺,物,瓜鶴鴻雁,29203
肺,物,鶺鴒龍牛,29205
肺,物,犬羊蟹鰌鱔,29207
肺,物,蛩蝸牛蛙,29209
肺,物,錐刀𠤎首,29211
肺,物,耜權黃金,29213
肺,物,鉛梧桐蟬,29215
肺,物,蘭鸚鵡,29217
肺,物,西方,29218
肺,物,萍藻騾驢白色,29220
腎,物,盡類推,29223
腎,物,月雲虹霓,29225
腎,物,霜雪露氷雹,29227
腎,物,水海江河,29229
腎,物,女子老人夷人,29231
腎,物,背乳腎,29233
腎,物,陰户膝,29235
腎,物,溺血茶湯,29237
腎,物,水果靴鞵舄,29239
腎,物,窖窨雨櫳傘,29241
腎,物,雨琉璃水晶,29243
腎,物,霰芭蕉鸞,29245
腎,物,溝池鴟梟雞漱,29247
腎,物,齒兕牛犀牛,29249
腎,物,腎莖兎狐,29251
腎,物,足蜃螺,29253
腎,物,漿黿鼈,29255
腎,物,牢蜘蛛蝌斗,29257
腎,物,珠楊柳猩猩,29259
腎,物,鳬鷗鸇鷹獺,29261
腎,物,蛤蚌芙蕖貓,29263
腎,物,蚯蚓烏㺄,29265
腎,物,北方鴨鼉,29267
腎,物,蠅黑色,29269
腎,物,凡人陽盛者乃氣旺也,29271
腎,物,氣旺則損其血血損則虧其陰,29272
腎,物,陰不能濟陽水不能制火孤陽絶陰燔天灼地,29273
腎,物,南方丙丁之威于斯獨盛故夢中燒爍之象見焉,29274
腎,物,在人養陰以退陽葆眞以制欲其兆不求闢而自解矣,29275
腎,物,凡人陰盛者乃邪氣有餘也陽火衰微眞元失守之兆,29277
腎,物,火旣微弱則脾土無依脾土無依則狂瀾莫遏飄搖蕩𣻌浩渺汪洋,29278
腎,物,北方壬癸之勢于斯獨盛故夢中汨沒之象見焉,29279
腎,物,在人保固元陽攝精守氣其兆不祛而自退矣,29280
腎,物,人之陽氣虚而夢寐反見煙雲旱熯之内微有涓涘若存若亡或聚或散此虚之極也,29282
腎,物,乃陽中伏陰猶火過極而爍金,29283
腎,物,調劑之宜在人消息,29284
腎,物,人之陰氣虚而夢寐反見洪流泛濫之中復生煙燄倏起倏滅似有似無此虚之極也乃陰中伏火猶水寒極而成氷,29286
腎,物,攝養之方不思而得矣,29287
腎,物,凡人陽盛陰衰火多而水涸也,29289
腎,物,火多則氣旺水涸則血虚血虚則陽火愈熾陽盛則陰血愈虧二者不能兩立故夢寐亦應之,29290
腎,物,惟見炎炎燎原勺水難制若能滋其眞水以抑陽光則魂魄安而夢寐寧矣,29291
腎,物,凡人陰實陽虚元氣弱而陰邪盛也,29293
腎,物,經云邪之所湊其氣必虚,29294
腎,物,正氣衰微陰邪易入君子道消小人道長之謂,29295
腎,物,故夢中惟見陰凝魔魅幽暗不明之事,29296
腎,物,若能扶其心肺之元保其脾胃之氣則鬼厲之邪不驅而自伏矣,29297
腎,物,譬諸滿堂君子雖有小人其何地以容之哉,29298
腎,物,肝藏魂肺藏魄陽爲氣陰爲血,29300
腎,物,人或恚怒傷肝形寒傷肺暴怒傷陰暴喜傷陽使陰陽俱盛二氣太過而無偏遜之情故夢戰鬭不休交睫之頃紛紛亂亂惟在調其陰陽和其臟腑抑其有餘以協中道爲吉也,29301
腎,物,凡夢中兩相畏縮此氣血衰微神形怯弱之兆,29303
腎,物,或老年精元疲敝或少壯斲喪太多不必占其吉凶一以補助眞元滋培精髓此得攝生闢夢之旨也,29304
腎,物,━━━━━━━━━━━━━━━━━━━━━━━━━━━━━━━━━━━━━━━━━━━━━━━━━━━━━━━━━━━━━━━━━━,29309
腎,物,卷之二十五,29310
腎,物,━━━━━━━━━━━━━━━━━━━━━━━━━━━━━━━━━━━━━━━━━━━━━━━━━━━━━━━━━━━━━━━━━━,29311
