卦名,宮,宮五行,卦序,世爻,應爻,爻位,陰陽,六親,納甲,爻五行,世應,爻辭,爻辭行号,裝卦出處,象辭,象辭出處,文本卦名OCR
乾為天,乾宮,金,本宮六世,6,3,初九,陽,子孫,甲子,水,—,潛龍勿用,34532,影像已核＋八宮規則,六龍御天之卦／廣大包容之象,用戶提供影像（已逐位核對）,乾爲天
乾為天,乾宮,金,本宮六世,6,3,二九,陽,妻財,甲寅,木,—,缺（文本未見）,,影像已核＋八宮規則,六龍御天之卦／廣大包容之象,用戶提供影像（已逐位核對）,乾爲天
乾為天,乾宮,金,本宮六世,6,3,三九,陽,父母,甲辰,土,應,缺（文本未見）,,影像已核＋八宮規則,六龍御天之卦／廣大包容之象,用戶提供影像（已逐位核對）,乾爲天
乾為天,乾宮,金,本宮六世,6,3,四九,陽,官鬼,壬午,火,—,缺（文本未見）,,影像已核＋八宮規則,六龍御天之卦／廣大包容之象,用戶提供影像（已逐位核對）,乾爲天
乾為天,乾宮,金,本宮六世,6,3,五九,陽,兄弟,壬申,金,—,缺（文本未見）,,影像已核＋八宮規則,六龍御天之卦／廣大包容之象,用戶提供影像（已逐位核對）,乾爲天
乾為天,乾宮,金,本宮六世,6,3,上九,陽,父母,壬戌,土,世,亢龍有悔,34542,影像已核＋八宮規則,六龍御天之卦／廣大包容之象,用戶提供影像（已逐位核對）,乾爲天
天風姤,乾宮,金,一世,1,4,初六,陰,父母,辛丑,土,世,繫于金柅貞吉有攸往見凶羸豕蹢躅,34558,影像已核＋八宮規則,風雲相濟之卦／君臣會合之象,用戶提供影像（已逐位核對）,天風姤
天風姤,乾宮,金,一世,1,4,二九,陽,子孫,辛亥,水,—,缺（文本未見）,,影像已核＋八宮規則,風雲相濟之卦／君臣會合之象,用戶提供影像（已逐位核對）,天風姤
天風姤,乾宮,金,一世,1,4,三九,陽,兄弟,辛酉,金,—,缺（文本未見）,,影像已核＋八宮規則,風雲相濟之卦／君臣會合之象,用戶提供影像（已逐位核對）,天風姤
天風姤,乾宮,金,一世,1,4,四九,陽,官鬼,壬午,火,應,缺（文本未見）,,影像已核＋八宮規則,風雲相濟之卦／君臣會合之象,用戶提供影像（已逐位核對）,天風姤
天風姤,乾宮,金,一世,1,4,五九,陽,兄弟,壬申,金,—,缺（文本未見）,,影像已核＋八宮規則,風雲相濟之卦／君臣會合之象,用戶提供影像（已逐位核對）,天風姤
天風姤,乾宮,金,一世,1,4,上九,陽,父母,壬戌,土,—,姤其角吝无咎,34568,影像已核＋八宮規則,風雲相濟之卦／君臣會合之象,用戶提供影像（已逐位核對）,天風姤
天山遯,乾宮,金,二世,2,5,初六,陰,父母,丙辰,土,—,遯尾厲勿用利有攸往,34580,影像已核＋八宮規則,豹隱南山之卦／遷善遠惡之象,用戶提供影像（已逐位核對）,天山遯
天山遯,乾宮,金,二世,2,5,二六,陰,官鬼,丙午,火,世,缺（文本未見）,,影像已核＋八宮規則,豹隱南山之卦／遷善遠惡之象,用戶提供影像（已逐位核對）,天山遯
天山遯,乾宮,金,二世,2,5,三九,陽,兄弟,丙申,金,—,缺（文本未見）,,影像已核＋八宮規則,豹隱南山之卦／遷善遠惡之象,用戶提供影像（已逐位核對）,天山遯
天山遯,乾宮,金,二世,2,5,四九,陽,官鬼,壬午,火,—,缺（文本未見）,,影像已核＋八宮規則,豹隱南山之卦／遷善遠惡之象,用戶提供影像（已逐位核對）,天山遯
天山遯,乾宮,金,二世,2,5,五九,陽,兄弟,壬申,金,應,缺（文本未見）,,影像已核＋八宮規則,豹隱南山之卦／遷善遠惡之象,用戶提供影像（已逐位核對）,天山遯
天山遯,乾宮,金,二世,2,5,上九,陽,父母,壬戌,土,—,肥遯无不利,34591,影像已核＋八宮規則,豹隱南山之卦／遷善遠惡之象,用戶提供影像（已逐位核對）,天山遯
天地否,乾宮,金,三世,3,6,初六,陰,父母,乙未,土,—,㧞茅茹以其彚貞吉亨,34601,八宮規則推導,缺 — 原書木刻欄，文本未見,—,天地否
天地否,乾宮,金,三世,3,6,二六,陰,官鬼,乙巳,火,—,缺（文本未見）,,八宮規則推導,缺 — 原書木刻欄，文本未見,—,天地否
天地否,乾宮,金,三世,3,6,三六,陰,妻財,乙卯,木,世,缺（文本未見）,,八宮規則推導,缺 — 原書木刻欄，文本未見,—,天地否
天地否,乾宮,金,三世,3,6,四九,陽,官鬼,壬午,火,—,缺（文本未見）,,八宮規則推導,缺 — 原書木刻欄，文本未見,—,天地否
天地否,乾宮,金,三世,3,6,五九,陽,兄弟,壬申,金,—,缺（文本未見）,,八宮規則推導,缺 — 原書木刻欄，文本未見,—,天地否
天地否,乾宮,金,三世,3,6,上九,陽,父母,壬戌,土,應,傾否先否後喜,34611,八宮規則推導,缺 — 原書木刻欄，文本未見,—,天地否
風地觀,乾宮,金,四世,4,1,初六,陰,父母,乙未,土,應,童觀小人无咎君子吝,34621,八宮規則推導,缺 — 原書木刻欄，文本未見,—,風地觀
風地觀,乾宮,金,四世,4,1,二六,陰,官鬼,乙巳,火,—,缺（文本未見）,,八宮規則推導,缺 — 原書木刻欄，文本未見,—,風地觀
風地觀,乾宮,金,四世,4,1,三六,陰,妻財,乙卯,木,—,缺（文本未見）,,八宮規則推導,缺 — 原書木刻欄，文本未見,—,風地觀
風地觀,乾宮,金,四世,4,1,四六,陰,父母,辛未,土,世,缺（文本未見）,,八宮規則推導,缺 — 原書木刻欄，文本未見,—,風地觀
風地觀,乾宮,金,四世,4,1,五九,陽,官鬼,辛巳,火,—,缺（文本未見）,,八宮規則推導,缺 — 原書木刻欄，文本未見,—,風地觀
風地觀,乾宮,金,四世,4,1,上九,陽,妻財,辛卯,木,—,觀其生君子无咎,34631,八宮規則推導,缺 — 原書木刻欄，文本未見,—,風地觀
山地剝,乾宮,金,五世,5,2,初六,陰,父母,乙未,土,—,剝牀以足蔑貞凶,34641,八宮規則推導,缺 — 原書木刻欄，文本未見,—,山地剝
山地剝,乾宮,金,五世,5,2,二六,陰,官鬼,乙巳,火,應,缺（文本未見）,,八宮規則推導,缺 — 原書木刻欄，文本未見,—,山地剝
山地剝,乾宮,金,五世,5,2,三六,陰,妻財,乙卯,木,—,缺（文本未見）,,八宮規則推導,缺 — 原書木刻欄，文本未見,—,山地剝
山地剝,乾宮,金,五世,5,2,四六,陰,父母,丙戌,土,—,缺（文本未見）,,八宮規則推導,缺 — 原書木刻欄，文本未見,—,山地剝
山地剝,乾宮,金,五世,5,2,五六,陰,子孫,丙子,水,世,缺（文本未見）,,八宮規則推導,缺 — 原書木刻欄，文本未見,—,山地剝
山地剝,乾宮,金,五世,5,2,上九,陽,妻財,丙寅,木,—,碩果不食君子得輿小人得廬,34652,八宮規則推導,缺 — 原書木刻欄，文本未見,—,山地剝
火地晉,乾宮,金,遊魂,4,1,初六,陰,父母,乙未,土,應,晉如摧如貞吉罔孚裕无咎,34663,八宮規則推導,缺 — 原書木刻欄，文本未見,—,火地晉
火地晉,乾宮,金,遊魂,4,1,二六,陰,官鬼,乙巳,火,—,缺（文本未見）,,八宮規則推導,缺 — 原書木刻欄，文本未見,—,火地晉
火地晉,乾宮,金,遊魂,4,1,三六,陰,妻財,乙卯,木,—,缺（文本未見）,,八宮規則推導,缺 — 原書木刻欄，文本未見,—,火地晉
火地晉,乾宮,金,遊魂,4,1,四九,陽,兄弟,己酉,金,世,缺（文本未見）,,八宮規則推導,缺 — 原書木刻欄，文本未見,—,火地晉
火地晉,乾宮,金,遊魂,4,1,五六,陰,父母,己未,土,—,缺（文本未見）,,八宮規則推導,缺 — 原書木刻欄，文本未見,—,火地晉
火地晉,乾宮,金,遊魂,4,1,上九,陽,官鬼,己巳,火,—,晉其角維用伐邑厲吉无咎貞吉,34673,八宮規則推導,缺 — 原書木刻欄，文本未見,—,火地晉
火天大有,乾宮,金,歸魂,3,6,初九,陽,子孫,甲子,水,—,无交害匪咎艱則无咎,34683,八宮規則推導,缺 — 原書木刻欄，文本未見,—,火天大有
火天大有,乾宮,金,歸魂,3,6,二九,陽,妻財,甲寅,木,—,缺（文本未見）,,八宮規則推導,缺 — 原書木刻欄，文本未見,—,火天大有
火天大有,乾宮,金,歸魂,3,6,三九,陽,父母,甲辰,土,世,缺（文本未見）,,八宮規則推導,缺 — 原書木刻欄，文本未見,—,火天大有
火天大有,乾宮,金,歸魂,3,6,四九,陽,兄弟,己酉,金,—,缺（文本未見）,,八宮規則推導,缺 — 原書木刻欄，文本未見,—,火天大有
火天大有,乾宮,金,歸魂,3,6,五六,陰,父母,己未,土,—,缺（文本未見）,,八宮規則推導,缺 — 原書木刻欄，文本未見,—,火天大有
火天大有,乾宮,金,歸魂,3,6,上九,陽,官鬼,己巳,火,應,自天祐之吉无不利,34696,八宮規則推導,缺 — 原書木刻欄，文本未見,—,火天大有
坎為水,坎宮,水,本宮六世,6,3,初六,陰,子孫,戊寅,木,—,習坎入于坎窞凶,34706,八宮規則推導,缺 — 原書木刻欄，文本未見,—,坎爲水
坎為水,坎宮,水,本宮六世,6,3,二九,陽,官鬼,戊辰,土,—,缺（文本未見）,,八宮規則推導,缺 — 原書木刻欄，文本未見,—,坎爲水
坎為水,坎宮,水,本宮六世,6,3,三六,陰,妻財,戊午,火,應,缺（文本未見）,,八宮規則推導,缺 — 原書木刻欄，文本未見,—,坎爲水
坎為水,坎宮,水,本宮六世,6,3,四六,陰,父母,戊申,金,—,缺（文本未見）,,八宮規則推導,缺 — 原書木刻欄，文本未見,—,坎爲水
坎為水,坎宮,水,本宮六世,6,3,五九,陽,官鬼,戊戌,土,—,缺（文本未見）,,八宮規則推導,缺 — 原書木刻欄，文本未見,—,坎爲水
坎為水,坎宮,水,本宮六世,6,3,上六,陰,兄弟,戊子,水,世,繫于徽纒寘于叢棘三歲不得凶,34716,八宮規則推導,缺 — 原書木刻欄，文本未見,—,坎爲水
水澤節,坎宮,水,一世,1,4,初九,陽,妻財,丁巳,火,世,不出戸庭无咎,34726,八宮規則推導,缺 — 原書木刻欄，文本未見,—,水澤節
水澤節,坎宮,水,一世,1,4,二九,陽,子孫,丁卯,木,—,缺（文本未見）,,八宮規則推導,缺 — 原書木刻欄，文本未見,—,水澤節
水澤節,坎宮,水,一世,1,4,三六,陰,官鬼,丁丑,土,—,缺（文本未見）,,八宮規則推導,缺 — 原書木刻欄，文本未見,—,水澤節
水澤節,坎宮,水,一世,1,4,四六,陰,父母,戊申,金,應,缺（文本未見）,,八宮規則推導,缺 — 原書木刻欄，文本未見,—,水澤節
水澤節,坎宮,水,一世,1,4,五九,陽,官鬼,戊戌,土,—,缺（文本未見）,,八宮規則推導,缺 — 原書木刻欄，文本未見,—,水澤節
水澤節,坎宮,水,一世,1,4,上六,陰,兄弟,戊子,水,—,苦節貞凶悔亡,34736,八宮規則推導,缺 — 原書木刻欄，文本未見,—,水澤節
水雷屯,坎宮,水,二世,2,5,初九,陽,兄弟,庚子,水,—,盤極利居貞利建侯,34746,八宮規則推導,缺 — 原書木刻欄，文本未見,—,水雷屯
水雷屯,坎宮,水,二世,2,5,二六,陰,子孫,庚寅,木,世,缺（文本未見）,,八宮規則推導,缺 — 原書木刻欄，文本未見,—,水雷屯
水雷屯,坎宮,水,二世,2,5,三六,陰,官鬼,庚辰,土,—,缺（文本未見）,,八宮規則推導,缺 — 原書木刻欄，文本未見,—,水雷屯
水雷屯,坎宮,水,二世,2,5,四六,陰,父母,戊申,金,—,缺（文本未見）,,八宮規則推導,缺 — 原書木刻欄，文本未見,—,水雷屯
水雷屯,坎宮,水,二世,2,5,五九,陽,官鬼,戊戌,土,應,缺（文本未見）,,八宮規則推導,缺 — 原書木刻欄，文本未見,—,水雷屯
水雷屯,坎宮,水,二世,2,5,上六,陰,兄弟,戊子,水,—,乗馬班如泣血漣如,34756,八宮規則推導,缺 — 原書木刻欄，文本未見,—,水雷屯
水火既濟,坎宮,水,三世,3,6,初九,陽,子孫,己卯,木,—,曵其輪濡其尾无咎,34766,八宮規則推導,缺 — 原書木刻欄，文本未見,—,水火旣濟
水火既濟,坎宮,水,三世,3,6,二六,陰,官鬼,己丑,土,—,缺（文本未見）,,八宮規則推導,缺 — 原書木刻欄，文本未見,—,水火旣濟
水火既濟,坎宮,水,三世,3,6,三九,陽,兄弟,己亥,水,世,缺（文本未見）,,八宮規則推導,缺 — 原書木刻欄，文本未見,—,水火旣濟
水火既濟,坎宮,水,三世,3,6,四六,陰,父母,戊申,金,—,缺（文本未見）,,八宮規則推導,缺 — 原書木刻欄，文本未見,—,水火旣濟
水火既濟,坎宮,水,三世,3,6,五九,陽,官鬼,戊戌,土,—,缺（文本未見）,,八宮規則推導,缺 — 原書木刻欄，文本未見,—,水火旣濟
水火既濟,坎宮,水,三世,3,6,上六,陰,兄弟,戊子,水,應,濡其首厲,34776,八宮規則推導,缺 — 原書木刻欄，文本未見,—,水火旣濟
澤火革,坎宮,水,四世,4,1,初九,陽,子孫,己卯,木,應,鞏用黃牛之革,34786,八宮規則推導,缺 — 原書木刻欄，文本未見,—,澤火革
澤火革,坎宮,水,四世,4,1,二六,陰,官鬼,己丑,土,—,缺（文本未見）,,八宮規則推導,缺 — 原書木刻欄，文本未見,—,澤火革
澤火革,坎宮,水,四世,4,1,三九,陽,兄弟,己亥,水,—,缺（文本未見）,,八宮規則推導,缺 — 原書木刻欄，文本未見,—,澤火革
澤火革,坎宮,水,四世,4,1,四九,陽,兄弟,丁亥,水,世,缺（文本未見）,,八宮規則推導,缺 — 原書木刻欄，文本未見,—,澤火革
澤火革,坎宮,水,四世,4,1,五九,陽,父母,丁酉,金,—,缺（文本未見）,,八宮規則推導,缺 — 原書木刻欄，文本未見,—,澤火革
澤火革,坎宮,水,四世,4,1,上六,陰,官鬼,丁未,土,—,君子豹變小人革面征凶居貞吉震上,34797,八宮規則推導,缺 — 原書木刻欄，文本未見,—,澤火革
雷火豐,坎宮,水,五世,5,2,初九,陽,子孫,己卯,木,—,遇其主雖旬无咎往有尚,34808,八宮規則推導,缺 — 原書木刻欄，文本未見,—,豐
雷火豐,坎宮,水,五世,5,2,二六,陰,官鬼,己丑,土,應,缺（文本未見）,,八宮規則推導,缺 — 原書木刻欄，文本未見,—,豐
雷火豐,坎宮,水,五世,5,2,三九,陽,兄弟,己亥,水,—,缺（文本未見）,,八宮規則推導,缺 — 原書木刻欄，文本未見,—,豐
雷火豐,坎宮,水,五世,5,2,四九,陽,妻財,庚午,火,—,缺（文本未見）,,八宮規則推導,缺 — 原書木刻欄，文本未見,—,豐
雷火豐,坎宮,水,五世,5,2,五六,陰,父母,庚申,金,世,缺（文本未見）,,八宮規則推導,缺 — 原書木刻欄，文本未見,—,豐
雷火豐,坎宮,水,五世,5,2,上六,陰,官鬼,庚戌,土,—,豐其屋蔀其家闚其戸閴其无人三歲不覿凶,34818,八宮規則推導,缺 — 原書木刻欄，文本未見,—,豐
地火明夷,坎宮,水,遊魂,4,1,初九,陽,子孫,己卯,木,應,明夷于飛垂其翼君子于行三日不食有攸往主人有言,34829,八宮規則推導,缺 — 原書木刻欄，文本未見,—,地火明夷
地火明夷,坎宮,水,遊魂,4,1,二六,陰,官鬼,己丑,土,—,缺（文本未見）,,八宮規則推導,缺 — 原書木刻欄，文本未見,—,地火明夷
地火明夷,坎宮,水,遊魂,4,1,三九,陽,兄弟,己亥,水,—,缺（文本未見）,,八宮規則推導,缺 — 原書木刻欄，文本未見,—,地火明夷
地火明夷,坎宮,水,遊魂,4,1,四六,陰,官鬼,癸丑,土,世,缺（文本未見）,,八宮規則推導,缺 — 原書木刻欄，文本未見,—,地火明夷
地火明夷,坎宮,水,遊魂,4,1,五六,陰,兄弟,癸亥,水,—,缺（文本未見）,,八宮規則推導,缺 — 原書木刻欄，文本未見,—,地火明夷
地火明夷,坎宮,水,遊魂,4,1,上六,陰,父母,癸酉,金,—,不明晦初登于天後入于地坤上,34839,八宮規則推導,缺 — 原書木刻欄，文本未見,—,地火明夷
地水師,坎宮,水,歸魂,3,6,初六,陰,子孫,戊寅,木,—,師出以律否臧凶,34851,八宮規則推導,缺 — 原書木刻欄，文本未見,—,師
地水師,坎宮,水,歸魂,3,6,二九,陽,官鬼,戊辰,土,—,缺（文本未見）,,八宮規則推導,缺 — 原書木刻欄，文本未見,—,師
地水師,坎宮,水,歸魂,3,6,三六,陰,妻財,戊午,火,世,缺（文本未見）,,八宮規則推導,缺 — 原書木刻欄，文本未見,—,師
地水師,坎宮,水,歸魂,3,6,四六,陰,官鬼,癸丑,土,—,缺（文本未見）,,八宮規則推導,缺 — 原書木刻欄，文本未見,—,師
地水師,坎宮,水,歸魂,3,6,五六,陰,兄弟,癸亥,水,—,缺（文本未見）,,八宮規則推導,缺 — 原書木刻欄，文本未見,—,師
地水師,坎宮,水,歸魂,3,6,上六,陰,父母,癸酉,金,應,大君有命開國承家小人勿用,34861,八宮規則推導,缺 — 原書木刻欄，文本未見,—,師
艮為山,艮宮,土,本宮六世,6,3,初六,陰,兄弟,丙辰,土,—,艮其趾无咎用貞,34872,八宮規則推導,缺 — 原書木刻欄，文本未見,—,艮爲山
艮為山,艮宮,土,本宮六世,6,3,二六,陰,父母,丙午,火,—,缺（文本未見）,,八宮規則推導,缺 — 原書木刻欄，文本未見,—,艮爲山
艮為山,艮宮,土,本宮六世,6,3,三九,陽,子孫,丙申,金,應,缺（文本未見）,,八宮規則推導,缺 — 原書木刻欄，文本未見,—,艮爲山
艮為山,艮宮,土,本宮六世,6,3,四六,陰,兄弟,丙戌,土,—,缺（文本未見）,,八宮規則推導,缺 — 原書木刻欄，文本未見,—,艮爲山
艮為山,艮宮,土,本宮六世,6,3,五六,陰,妻財,丙子,水,—,缺（文本未見）,,八宮規則推導,缺 — 原書木刻欄，文本未見,—,艮爲山
艮為山,艮宮,土,本宮六世,6,3,上九,陽,官鬼,丙寅,木,世,敦艮吉,34883,八宮規則推導,缺 — 原書木刻欄，文本未見,—,艮爲山
山火賁,艮宮,土,一世,1,4,初九,陽,官鬼,己卯,木,世,賁其趾舍車而徒,34894,八宮規則推導,缺 — 原書木刻欄，文本未見,—,山火賁
山火賁,艮宮,土,一世,1,4,二六,陰,兄弟,己丑,土,—,缺（文本未見）,,八宮規則推導,缺 — 原書木刻欄，文本未見,—,山火賁
山火賁,艮宮,土,一世,1,4,三九,陽,妻財,己亥,水,—,缺（文本未見）,,八宮規則推導,缺 — 原書木刻欄，文本未見,—,山火賁
山火賁,艮宮,土,一世,1,4,四六,陰,兄弟,丙戌,土,應,缺（文本未見）,,八宮規則推導,缺 — 原書木刻欄，文本未見,—,山火賁
山火賁,艮宮,土,一世,1,4,五六,陰,妻財,丙子,水,—,缺（文本未見）,,八宮規則推導,缺 — 原書木刻欄，文本未見,—,山火賁
山火賁,艮宮,土,一世,1,4,上九,陽,官鬼,丙寅,木,—,白賁无咎艮上,34904,八宮規則推導,缺 — 原書木刻欄，文本未見,—,山火賁
山天大畜,艮宮,土,二世,2,5,初九,陽,妻財,甲子,水,—,有厲利巳,34915,八宮規則推導,缺 — 原書木刻欄，文本未見,—,大畜
山天大畜,艮宮,土,二世,2,5,二九,陽,官鬼,甲寅,木,世,缺（文本未見）,,八宮規則推導,缺 — 原書木刻欄，文本未見,—,大畜
山天大畜,艮宮,土,二世,2,5,三九,陽,兄弟,甲辰,土,—,缺（文本未見）,,八宮規則推導,缺 — 原書木刻欄，文本未見,—,大畜
山天大畜,艮宮,土,二世,2,5,四六,陰,兄弟,丙戌,土,—,缺（文本未見）,,八宮規則推導,缺 — 原書木刻欄，文本未見,—,大畜
山天大畜,艮宮,土,二世,2,5,五六,陰,妻財,丙子,水,應,缺（文本未見）,,八宮規則推導,缺 — 原書木刻欄，文本未見,—,大畜
山天大畜,艮宮,土,二世,2,5,上九,陽,官鬼,丙寅,木,—,何天之衢亨,34925,八宮規則推導,缺 — 原書木刻欄，文本未見,—,大畜
山澤損,艮宮,土,三世,3,6,初九,陽,父母,丁巳,火,—,巳事遄往无咎酌損之,34935,八宮規則推導,缺 — 原書木刻欄，文本未見,—,山澤摜
山澤損,艮宮,土,三世,3,6,二九,陽,官鬼,丁卯,木,—,缺（文本未見）,,八宮規則推導,缺 — 原書木刻欄，文本未見,—,山澤摜
山澤損,艮宮,土,三世,3,6,三六,陰,兄弟,丁丑,土,世,缺（文本未見）,,八宮規則推導,缺 — 原書木刻欄，文本未見,—,山澤摜
山澤損,艮宮,土,三世,3,6,四六,陰,兄弟,丙戌,土,—,缺（文本未見）,,八宮規則推導,缺 — 原書木刻欄，文本未見,—,山澤摜
山澤損,艮宮,土,三世,3,6,五六,陰,妻財,丙子,水,—,缺（文本未見）,,八宮規則推導,缺 — 原書木刻欄，文本未見,—,山澤摜
山澤損,艮宮,土,三世,3,6,上九,陽,官鬼,丙寅,木,應,弗損益之无咎貞吉利有攸往得臣无家,34945,八宮規則推導,缺 — 原書木刻欄，文本未見,—,山澤摜
火澤睽,艮宮,土,四世,4,1,初九,陽,父母,丁巳,火,應,悔亡喪馬勿逐自復見惡人无咎,34956,八宮規則推導,缺 — 原書木刻欄，文本未見,—,火澤睽
火澤睽,艮宮,土,四世,4,1,二九,陽,官鬼,丁卯,木,—,缺（文本未見）,,八宮規則推導,缺 — 原書木刻欄，文本未見,—,火澤睽
火澤睽,艮宮,土,四世,4,1,三六,陰,兄弟,丁丑,土,—,缺（文本未見）,,八宮規則推導,缺 — 原書木刻欄，文本未見,—,火澤睽
火澤睽,艮宮,土,四世,4,1,四九,陽,子孫,己酉,金,世,缺（文本未見）,,八宮規則推導,缺 — 原書木刻欄，文本未見,—,火澤睽
火澤睽,艮宮,土,四世,4,1,五六,陰,兄弟,己未,土,—,缺（文本未見）,,八宮規則推導,缺 — 原書木刻欄，文本未見,—,火澤睽
火澤睽,艮宮,土,四世,4,1,上九,陽,父母,己巳,火,—,睽孤見豕終負塗載鬼一車先張之弧後說之弧匪㓂婚媾往遇雨則吉,34966,八宮規則推導,缺 — 原書木刻欄，文本未見,—,火澤睽
天澤履,艮宮,土,五世,5,2,初九,陽,父母,丁巳,火,—,素履往无咎,34976,八宮規則推導,缺 — 原書木刻欄，文本未見,—,天澤履
天澤履,艮宮,土,五世,5,2,二九,陽,官鬼,丁卯,木,應,缺（文本未見）,,八宮規則推導,缺 — 原書木刻欄，文本未見,—,天澤履
天澤履,艮宮,土,五世,5,2,三六,陰,兄弟,丁丑,土,—,缺（文本未見）,,八宮規則推導,缺 — 原書木刻欄，文本未見,—,天澤履
天澤履,艮宮,土,五世,5,2,四九,陽,父母,壬午,火,—,缺（文本未見）,,八宮規則推導,缺 — 原書木刻欄，文本未見,—,天澤履
天澤履,艮宮,土,五世,5,2,五九,陽,子孫,壬申,金,世,缺（文本未見）,,八宮規則推導,缺 — 原書木刻欄，文本未見,—,天澤履
天澤履,艮宮,土,五世,5,2,上九,陽,兄弟,壬戌,土,—,視履考祥其旋无吉吉巽上,34986,八宮規則推導,缺 — 原書木刻欄，文本未見,—,天澤履
風澤中孚,艮宮,土,遊魂,4,1,初九,陽,父母,丁巳,火,應,虞吉有他不燕,34997,八宮規則推導,缺 — 原書木刻欄，文本未見,—,中孚
風澤中孚,艮宮,土,遊魂,4,1,二九,陽,官鬼,丁卯,木,—,缺（文本未見）,,八宮規則推導,缺 — 原書木刻欄，文本未見,—,中孚
風澤中孚,艮宮,土,遊魂,4,1,三六,陰,兄弟,丁丑,土,—,缺（文本未見）,,八宮規則推導,缺 — 原書木刻欄，文本未見,—,中孚
風澤中孚,艮宮,土,遊魂,4,1,四六,陰,兄弟,辛未,土,世,缺（文本未見）,,八宮規則推導,缺 — 原書木刻欄，文本未見,—,中孚
風澤中孚,艮宮,土,遊魂,4,1,五九,陽,父母,辛巳,火,—,缺（文本未見）,,八宮規則推導,缺 — 原書木刻欄，文本未見,—,中孚
風澤中孚,艮宮,土,遊魂,4,1,上九,陽,官鬼,辛卯,木,—,翰音登于天貞凶,35007,八宮規則推導,缺 — 原書木刻欄，文本未見,—,中孚
風山漸,艮宮,土,歸魂,3,6,初六,陰,兄弟,丙辰,土,—,鴻漸千于小子厲有言无咎,35018,八宮規則推導,缺 — 原書木刻欄，文本未見,—,風山漸
風山漸,艮宮,土,歸魂,3,6,二六,陰,父母,丙午,火,—,缺（文本未見）,,八宮規則推導,缺 — 原書木刻欄，文本未見,—,風山漸
風山漸,艮宮,土,歸魂,3,6,三九,陽,子孫,丙申,金,世,缺（文本未見）,,八宮規則推導,缺 — 原書木刻欄，文本未見,—,風山漸
風山漸,艮宮,土,歸魂,3,6,四六,陰,兄弟,辛未,土,—,缺（文本未見）,,八宮規則推導,缺 — 原書木刻欄，文本未見,—,風山漸
風山漸,艮宮,土,歸魂,3,6,五九,陽,父母,辛巳,火,—,缺（文本未見）,,八宮規則推導,缺 — 原書木刻欄，文本未見,—,風山漸
風山漸,艮宮,土,歸魂,3,6,上九,陽,官鬼,辛卯,木,應,鴻漸于陸其礼可用爲儀吉,35028,八宮規則推導,缺 — 原書木刻欄，文本未見,—,風山漸
震為雷,震宮,木,本宮六世,6,3,初九,陽,父母,庚子,水,—,震來𧈅𧈅後笑言啞亞吉,35039,八宮規則推導,缺 — 原書木刻欄，文本未見,—,震爲雷
震為雷,震宮,木,本宮六世,6,3,二六,陰,兄弟,庚寅,木,—,缺（文本未見）,,八宮規則推導,缺 — 原書木刻欄，文本未見,—,震爲雷
震為雷,震宮,木,本宮六世,6,3,三六,陰,妻財,庚辰,土,應,缺（文本未見）,,八宮規則推導,缺 — 原書木刻欄，文本未見,—,震爲雷
震為雷,震宮,木,本宮六世,6,3,四九,陽,子孫,庚午,火,—,缺（文本未見）,,八宮規則推導,缺 — 原書木刻欄，文本未見,—,震爲雷
震為雷,震宮,木,本宮六世,6,3,五六,陰,官鬼,庚申,金,—,缺（文本未見）,,八宮規則推導,缺 — 原書木刻欄，文本未見,—,震爲雷
震為雷,震宮,木,本宮六世,6,3,上六,陰,妻財,庚戌,土,世,震索索視矍矍征凶震不于其射于其鄰无咎婚媾有言,35049,八宮規則推導,缺 — 原書木刻欄，文本未見,—,震爲雷
雷地豫,震宮,木,一世,1,4,初六,陰,妻財,乙未,土,世,鳴豫凶,35060,八宮規則推導,缺 — 原書木刻欄，文本未見,—,雷地豫
雷地豫,震宮,木,一世,1,4,二六,陰,子孫,乙巳,火,—,缺（文本未見）,,八宮規則推導,缺 — 原書木刻欄，文本未見,—,雷地豫
雷地豫,震宮,木,一世,1,4,三六,陰,兄弟,乙卯,木,—,缺（文本未見）,,八宮規則推導,缺 — 原書木刻欄，文本未見,—,雷地豫
雷地豫,震宮,木,一世,1,4,四九,陽,子孫,庚午,火,應,缺（文本未見）,,八宮規則推導,缺 — 原書木刻欄，文本未見,—,雷地豫
雷地豫,震宮,木,一世,1,4,五六,陰,官鬼,庚申,金,—,缺（文本未見）,,八宮規則推導,缺 — 原書木刻欄，文本未見,—,雷地豫
雷地豫,震宮,木,一世,1,4,上六,陰,妻財,庚戌,土,—,冥豫成有渝无咎,35070,八宮規則推導,缺 — 原書木刻欄，文本未見,—,雷地豫
雷水解,震宮,木,二世,2,5,初六,陰,兄弟,戊寅,木,—,无咎,35080,八宮規則推導,缺 — 原書木刻欄，文本未見,—,雷水解
雷水解,震宮,木,二世,2,5,二九,陽,妻財,戊辰,土,世,缺（文本未見）,,八宮規則推導,缺 — 原書木刻欄，文本未見,—,雷水解
雷水解,震宮,木,二世,2,5,三六,陰,子孫,戊午,火,—,缺（文本未見）,,八宮規則推導,缺 — 原書木刻欄，文本未見,—,雷水解
雷水解,震宮,木,二世,2,5,四九,陽,子孫,庚午,火,—,缺（文本未見）,,八宮規則推導,缺 — 原書木刻欄，文本未見,—,雷水解
雷水解,震宮,木,二世,2,5,五六,陰,官鬼,庚申,金,應,缺（文本未見）,,八宮規則推導,缺 — 原書木刻欄，文本未見,—,雷水解
雷水解,震宮,木,二世,2,5,上六,陰,妻財,庚戌,土,—,公用射隼于高墉之上獲之无不利,35090,八宮規則推導,缺 — 原書木刻欄，文本未見,—,雷水解
雷風恆,震宮,木,三世,3,6,初六,陰,妻財,辛丑,土,—,浚恒貞凶无攸利,35100,八宮規則推導,缺 — 原書木刻欄，文本未見,—,雷風恒
雷風恆,震宮,木,三世,3,6,二九,陽,父母,辛亥,水,—,缺（文本未見）,,八宮規則推導,缺 — 原書木刻欄，文本未見,—,雷風恒
雷風恆,震宮,木,三世,3,6,三九,陽,官鬼,辛酉,金,世,缺（文本未見）,,八宮規則推導,缺 — 原書木刻欄，文本未見,—,雷風恒
雷風恆,震宮,木,三世,3,6,四九,陽,子孫,庚午,火,—,缺（文本未見）,,八宮規則推導,缺 — 原書木刻欄，文本未見,—,雷風恒
雷風恆,震宮,木,三世,3,6,五六,陰,官鬼,庚申,金,—,缺（文本未見）,,八宮規則推導,缺 — 原書木刻欄，文本未見,—,雷風恒
雷風恆,震宮,木,三世,3,6,上六,陰,妻財,庚戌,土,應,振恒凶,35111,八宮規則推導,缺 — 原書木刻欄，文本未見,—,雷風恒
地風升,震宮,木,四世,4,1,初六,陰,妻財,辛丑,土,應,允升大吉,35123,八宮規則推導,缺 — 原書木刻欄，文本未見,—,地風升
地風升,震宮,木,四世,4,1,二九,陽,父母,辛亥,水,—,缺（文本未見）,,八宮規則推導,缺 — 原書木刻欄，文本未見,—,地風升
地風升,震宮,木,四世,4,1,三九,陽,官鬼,辛酉,金,—,缺（文本未見）,,八宮規則推導,缺 — 原書木刻欄，文本未見,—,地風升
地風升,震宮,木,四世,4,1,四六,陰,妻財,癸丑,土,世,缺（文本未見）,,八宮規則推導,缺 — 原書木刻欄，文本未見,—,地風升
地風升,震宮,木,四世,4,1,五六,陰,父母,癸亥,水,—,缺（文本未見）,,八宮規則推導,缺 — 原書木刻欄，文本未見,—,地風升
地風升,震宮,木,四世,4,1,上六,陰,官鬼,癸酉,金,—,冥升利于不息之貞,35133,八宮規則推導,缺 — 原書木刻欄，文本未見,—,地風升
水風井,震宮,木,五世,5,2,初六,陰,妻財,辛丑,土,—,井泥不食舊井无禽,35144,八宮規則推導,缺 — 原書木刻欄，文本未見,—,水風井
水風井,震宮,木,五世,5,2,二九,陽,父母,辛亥,水,應,缺（文本未見）,,八宮規則推導,缺 — 原書木刻欄，文本未見,—,水風井
水風井,震宮,木,五世,5,2,三九,陽,官鬼,辛酉,金,—,缺（文本未見）,,八宮規則推導,缺 — 原書木刻欄，文本未見,—,水風井
水風井,震宮,木,五世,5,2,四六,陰,官鬼,戊申,金,—,缺（文本未見）,,八宮規則推導,缺 — 原書木刻欄，文本未見,—,水風井
水風井,震宮,木,五世,5,2,五九,陽,妻財,戊戌,土,世,缺（文本未見）,,八宮規則推導,缺 — 原書木刻欄，文本未見,—,水風井
水風井,震宮,木,五世,5,2,上六,陰,父母,戊子,水,—,井收勿幕有阻击元吉,35154,八宮規則推導,缺 — 原書木刻欄，文本未見,—,水風井
澤風大過,震宮,木,遊魂,4,1,初六,陰,妻財,辛丑,土,應,藉用白茅无咎,35164,八宮規則推導,缺 — 原書木刻欄，文本未見,—,澤風大過
澤風大過,震宮,木,遊魂,4,1,二九,陽,父母,辛亥,水,—,缺（文本未見）,,八宮規則推導,缺 — 原書木刻欄，文本未見,—,澤風大過
澤風大過,震宮,木,遊魂,4,1,三九,陽,官鬼,辛酉,金,—,缺（文本未見）,,八宮規則推導,缺 — 原書木刻欄，文本未見,—,澤風大過
澤風大過,震宮,木,遊魂,4,1,四九,陽,父母,丁亥,水,世,缺（文本未見）,,八宮規則推導,缺 — 原書木刻欄，文本未見,—,澤風大過
澤風大過,震宮,木,遊魂,4,1,五九,陽,官鬼,丁酉,金,—,缺（文本未見）,,八宮規則推導,缺 — 原書木刻欄，文本未見,—,澤風大過
澤風大過,震宮,木,遊魂,4,1,上六,陰,妻財,丁未,土,—,過涉滅頂吝凶无咎,35174,八宮規則推導,缺 — 原書木刻欄，文本未見,—,澤風大過
澤雷隨,震宮,木,歸魂,3,6,初九,陽,父母,庚子,水,—,官有渝貞吉出門交有功,35184,八宮規則推導,缺 — 原書木刻欄，文本未見,—,澤雷隨
澤雷隨,震宮,木,歸魂,3,6,二六,陰,兄弟,庚寅,木,—,缺（文本未見）,,八宮規則推導,缺 — 原書木刻欄，文本未見,—,澤雷隨
澤雷隨,震宮,木,歸魂,3,6,三六,陰,妻財,庚辰,土,世,缺（文本未見）,,八宮規則推導,缺 — 原書木刻欄，文本未見,—,澤雷隨
澤雷隨,震宮,木,歸魂,3,6,四九,陽,父母,丁亥,水,—,缺（文本未見）,,八宮規則推導,缺 — 原書木刻欄，文本未見,—,澤雷隨
澤雷隨,震宮,木,歸魂,3,6,五九,陽,官鬼,丁酉,金,—,缺（文本未見）,,八宮規則推導,缺 — 原書木刻欄，文本未見,—,澤雷隨
澤雷隨,震宮,木,歸魂,3,6,上六,陰,妻財,丁未,土,應,拘係之乃從維之王用享于西山,35194,八宮規則推導,缺 — 原書木刻欄，文本未見,—,澤雷隨
巽為風,巽宮,木,本宮六世,6,3,初六,陰,妻財,辛丑,土,—,進退利武人之貞,35204,八宮規則推導,缺 — 原書木刻欄，文本未見,—,巽爲風
巽為風,巽宮,木,本宮六世,6,3,二九,陽,父母,辛亥,水,—,缺（文本未見）,,八宮規則推導,缺 — 原書木刻欄，文本未見,—,巽爲風
巽為風,巽宮,木,本宮六世,6,3,三九,陽,官鬼,辛酉,金,應,缺（文本未見）,,八宮規則推導,缺 — 原書木刻欄，文本未見,—,巽爲風
巽為風,巽宮,木,本宮六世,6,3,四六,陰,妻財,辛未,土,—,缺（文本未見）,,八宮規則推導,缺 — 原書木刻欄，文本未見,—,巽爲風
巽為風,巽宮,木,本宮六世,6,3,五九,陽,子孫,辛巳,火,—,缺（文本未見）,,八宮規則推導,缺 — 原書木刻欄，文本未見,—,巽爲風
巽為風,巽宮,木,本宮六世,6,3,上九,陽,兄弟,辛卯,木,世,巽在牀下喪其資斧貞凶巽上,35214,八宮規則推導,缺 — 原書木刻欄，文本未見,—,巽爲風
風天小畜,巽宮,木,一世,1,4,初九,陽,父母,甲子,水,世,復自道其咎吉,35226,八宮規則推導,缺 — 原書木刻欄，文本未見,—,小畜
風天小畜,巽宮,木,一世,1,4,二九,陽,兄弟,甲寅,木,—,缺（文本未見）,,八宮規則推導,缺 — 原書木刻欄，文本未見,—,小畜
風天小畜,巽宮,木,一世,1,4,三九,陽,妻財,甲辰,土,—,缺（文本未見）,,八宮規則推導,缺 — 原書木刻欄，文本未見,—,小畜
風天小畜,巽宮,木,一世,1,4,四六,陰,妻財,辛未,土,應,缺（文本未見）,,八宮規則推導,缺 — 原書木刻欄，文本未見,—,小畜
風天小畜,巽宮,木,一世,1,4,五九,陽,子孫,辛巳,火,—,缺（文本未見）,,八宮規則推導,缺 — 原書木刻欄，文本未見,—,小畜
風天小畜,巽宮,木,一世,1,4,上九,陽,兄弟,辛卯,木,—,旣雨旣處尚德載婦貞厲月幾望君子征凶巽上,35236,八宮規則推導,缺 — 原書木刻欄，文本未見,—,小畜
風火家人,巽宮,木,二世,2,5,初九,陽,兄弟,己卯,木,—,閉有家悔亡,35247,八宮規則推導,缺 — 原書木刻欄，文本未見,—,家人
風火家人,巽宮,木,二世,2,5,二六,陰,妻財,己丑,土,世,缺（文本未見）,,八宮規則推導,缺 — 原書木刻欄，文本未見,—,家人
風火家人,巽宮,木,二世,2,5,三九,陽,父母,己亥,水,—,缺（文本未見）,,八宮規則推導,缺 — 原書木刻欄，文本未見,—,家人
風火家人,巽宮,木,二世,2,5,四六,陰,妻財,辛未,土,—,缺（文本未見）,,八宮規則推導,缺 — 原書木刻欄，文本未見,—,家人
風火家人,巽宮,木,二世,2,5,五九,陽,子孫,辛巳,火,應,缺（文本未見）,,八宮規則推導,缺 — 原書木刻欄，文本未見,—,家人
風火家人,巽宮,木,二世,2,5,上九,陽,兄弟,辛卯,木,—,有孚烕如終吉,35257,八宮規則推導,缺 — 原書木刻欄，文本未見,—,家人
風雷益,巽宮,木,三世,3,6,初九,陽,父母,庚子,水,—,利用爲大作元吉无咎,35267,八宮規則推導,缺 — 原書木刻欄，文本未見,—,風雷益
風雷益,巽宮,木,三世,3,6,二六,陰,兄弟,庚寅,木,—,缺（文本未見）,,八宮規則推導,缺 — 原書木刻欄，文本未見,—,風雷益
風雷益,巽宮,木,三世,3,6,三六,陰,妻財,庚辰,土,世,缺（文本未見）,,八宮規則推導,缺 — 原書木刻欄，文本未見,—,風雷益
風雷益,巽宮,木,三世,3,6,四六,陰,妻財,辛未,土,—,缺（文本未見）,,八宮規則推導,缺 — 原書木刻欄，文本未見,—,風雷益
風雷益,巽宮,木,三世,3,6,五九,陽,子孫,辛巳,火,—,缺（文本未見）,,八宮規則推導,缺 — 原書木刻欄，文本未見,—,風雷益
風雷益,巽宮,木,三世,3,6,上九,陽,兄弟,辛卯,木,應,莫益之或擊之立心勿恒凶乾上,35277,八宮規則推導,缺 — 原書木刻欄，文本未見,—,風雷益
天雷無妄,巽宮,木,四世,4,1,初九,陽,父母,庚子,水,應,无妄往吉,35288,八宮規則推導,缺 — 原書木刻欄，文本未見,—,无妄
天雷無妄,巽宮,木,四世,4,1,二六,陰,兄弟,庚寅,木,—,缺（文本未見）,,八宮規則推導,缺 — 原書木刻欄，文本未見,—,无妄
天雷無妄,巽宮,木,四世,4,1,三六,陰,妻財,庚辰,土,—,缺（文本未見）,,八宮規則推導,缺 — 原書木刻欄，文本未見,—,无妄
天雷無妄,巽宮,木,四世,4,1,四九,陽,子孫,壬午,火,世,缺（文本未見）,,八宮規則推導,缺 — 原書木刻欄，文本未見,—,无妄
天雷無妄,巽宮,木,四世,4,1,五九,陽,官鬼,壬申,金,—,缺（文本未見）,,八宮規則推導,缺 — 原書木刻欄，文本未見,—,无妄
天雷無妄,巽宮,木,四世,4,1,上九,陽,妻財,壬戌,土,—,无妄行有眚无攸利,35298,八宮規則推導,缺 — 原書木刻欄，文本未見,—,无妄
火雷噬嗑,巽宮,木,五世,5,2,初九,陽,父母,庚子,水,—,屨挍滅趾无咎,35308,八宮規則推導,缺 — 原書木刻欄，文本未見,—,屬火雷
火雷噬嗑,巽宮,木,五世,5,2,二六,陰,兄弟,庚寅,木,應,缺（文本未見）,,八宮規則推導,缺 — 原書木刻欄，文本未見,—,屬火雷
火雷噬嗑,巽宮,木,五世,5,2,三六,陰,妻財,庚辰,土,—,缺（文本未見）,,八宮規則推導,缺 — 原書木刻欄，文本未見,—,屬火雷
火雷噬嗑,巽宮,木,五世,5,2,四九,陽,官鬼,己酉,金,—,缺（文本未見）,,八宮規則推導,缺 — 原書木刻欄，文本未見,—,屬火雷
火雷噬嗑,巽宮,木,五世,5,2,五六,陰,妻財,己未,土,世,缺（文本未見）,,八宮規則推導,缺 — 原書木刻欄，文本未見,—,屬火雷
火雷噬嗑,巽宮,木,五世,5,2,上九,陽,子孫,己巳,火,—,何挍滅耳凶,35318,八宮規則推導,缺 — 原書木刻欄，文本未見,—,屬火雷
山雷頤,巽宮,木,遊魂,4,1,初九,陽,父母,庚子,水,應,舍爾靈龜觀我朶頥凶,35330,八宮規則推導,缺 — 原書木刻欄，文本未見,—,山雷頥
山雷頤,巽宮,木,遊魂,4,1,二六,陰,兄弟,庚寅,木,—,缺（文本未見）,,八宮規則推導,缺 — 原書木刻欄，文本未見,—,山雷頥
山雷頤,巽宮,木,遊魂,4,1,三六,陰,妻財,庚辰,土,—,缺（文本未見）,,八宮規則推導,缺 — 原書木刻欄，文本未見,—,山雷頥
山雷頤,巽宮,木,遊魂,4,1,四六,陰,妻財,丙戌,土,世,缺（文本未見）,,八宮規則推導,缺 — 原書木刻欄，文本未見,—,山雷頥
山雷頤,巽宮,木,遊魂,4,1,五六,陰,父母,丙子,水,—,缺（文本未見）,,八宮規則推導,缺 — 原書木刻欄，文本未見,—,山雷頥
山雷頤,巽宮,木,遊魂,4,1,上九,陽,兄弟,丙寅,木,—,由頥厲吉利涉大川艮上,35340,八宮規則推導,缺 — 原書木刻欄，文本未見,—,山雷頥
山風蠱,巽宮,木,歸魂,3,6,初六,陰,妻財,辛丑,土,—,幹父之蠱有子考无咎厲終吉,35351,八宮規則推導,缺 — 原書木刻欄，文本未見,—,蠱
山風蠱,巽宮,木,歸魂,3,6,二九,陽,父母,辛亥,水,—,缺（文本未見）,,八宮規則推導,缺 — 原書木刻欄，文本未見,—,蠱
山風蠱,巽宮,木,歸魂,3,6,三九,陽,官鬼,辛酉,金,世,缺（文本未見）,,八宮規則推導,缺 — 原書木刻欄，文本未見,—,蠱
山風蠱,巽宮,木,歸魂,3,6,四六,陰,妻財,丙戌,土,—,缺（文本未見）,,八宮規則推導,缺 — 原書木刻欄，文本未見,—,蠱
山風蠱,巽宮,木,歸魂,3,6,五六,陰,父母,丙子,水,—,缺（文本未見）,,八宮規則推導,缺 — 原書木刻欄，文本未見,—,蠱
山風蠱,巽宮,木,歸魂,3,6,上九,陽,兄弟,丙寅,木,應,不事王侯高尚其事,35363,八宮規則推導,缺 — 原書木刻欄，文本未見,—,蠱
離為火,離宮,火,本宮六世,6,3,初九,陽,父母,己卯,木,—,履錯然敬之无咎,35374,八宮規則推導,缺 — 原書木刻欄，文本未見,—,離爲火
離為火,離宮,火,本宮六世,6,3,二六,陰,子孫,己丑,土,—,缺（文本未見）,,八宮規則推導,缺 — 原書木刻欄，文本未見,—,離爲火
離為火,離宮,火,本宮六世,6,3,三九,陽,官鬼,己亥,水,應,缺（文本未見）,,八宮規則推導,缺 — 原書木刻欄，文本未見,—,離爲火
離為火,離宮,火,本宮六世,6,3,四九,陽,妻財,己酉,金,—,缺（文本未見）,,八宮規則推導,缺 — 原書木刻欄，文本未見,—,離爲火
離為火,離宮,火,本宮六世,6,3,五六,陰,子孫,己未,土,—,缺（文本未見）,,八宮規則推導,缺 — 原書木刻欄，文本未見,—,離爲火
離為火,離宮,火,本宮六世,6,3,上九,陽,兄弟,己巳,火,世,王用出征有嘉折首獲匪其醜无咎,35385,八宮規則推導,缺 — 原書木刻欄，文本未見,—,離爲火
火山旅,離宮,火,一世,1,4,初六,陰,子孫,丙辰,土,世,旅𤨏𤨏斯其所取災,35395,八宮規則推導,缺 — 原書木刻欄，文本未見,—,火山旅
火山旅,離宮,火,一世,1,4,二六,陰,兄弟,丙午,火,—,缺（文本未見）,,八宮規則推導,缺 — 原書木刻欄，文本未見,—,火山旅
火山旅,離宮,火,一世,1,4,三九,陽,妻財,丙申,金,—,缺（文本未見）,,八宮規則推導,缺 — 原書木刻欄，文本未見,—,火山旅
火山旅,離宮,火,一世,1,4,四九,陽,妻財,己酉,金,應,缺（文本未見）,,八宮規則推導,缺 — 原書木刻欄，文本未見,—,火山旅
火山旅,離宮,火,一世,1,4,五六,陰,子孫,己未,土,—,缺（文本未見）,,八宮規則推導,缺 — 原書木刻欄，文本未見,—,火山旅
火山旅,離宮,火,一世,1,4,上九,陽,兄弟,己巳,火,—,旅人先笑後號咷喪牛于易凶,35406,八宮規則推導,缺 — 原書木刻欄，文本未見,—,火山旅
火風鼎,離宮,火,二世,2,5,初六,陰,子孫,辛丑,土,—,鼎顚趾利出否得妾以其子无咎,35416,八宮規則推導,缺 — 原書木刻欄，文本未見,—,火風鼎
火風鼎,離宮,火,二世,2,5,二九,陽,官鬼,辛亥,水,世,缺（文本未見）,,八宮規則推導,缺 — 原書木刻欄，文本未見,—,火風鼎
火風鼎,離宮,火,二世,2,5,三九,陽,妻財,辛酉,金,—,缺（文本未見）,,八宮規則推導,缺 — 原書木刻欄，文本未見,—,火風鼎
火風鼎,離宮,火,二世,2,5,四九,陽,妻財,己酉,金,—,缺（文本未見）,,八宮規則推導,缺 — 原書木刻欄，文本未見,—,火風鼎
火風鼎,離宮,火,二世,2,5,五六,陰,子孫,己未,土,應,缺（文本未見）,,八宮規則推導,缺 — 原書木刻欄，文本未見,—,火風鼎
火風鼎,離宮,火,二世,2,5,上九,陽,兄弟,己巳,火,—,鼎玉鉉利貞无不利離上,35426,八宮規則推導,缺 — 原書木刻欄，文本未見,—,火風鼎
火水未濟,離宮,火,三世,3,6,初六,陰,父母,戊寅,木,—,濡其尾吝,35437,八宮規則推導,缺 — 原書木刻欄，文本未見,—,未濟
火水未濟,離宮,火,三世,3,6,二九,陽,子孫,戊辰,土,—,缺（文本未見）,,八宮規則推導,缺 — 原書木刻欄，文本未見,—,未濟
火水未濟,離宮,火,三世,3,6,三六,陰,兄弟,戊午,火,世,缺（文本未見）,,八宮規則推導,缺 — 原書木刻欄，文本未見,—,未濟
火水未濟,離宮,火,三世,3,6,四九,陽,妻財,己酉,金,—,缺（文本未見）,,八宮規則推導,缺 — 原書木刻欄，文本未見,—,未濟
火水未濟,離宮,火,三世,3,6,五六,陰,子孫,己未,土,—,缺（文本未見）,,八宮規則推導,缺 — 原書木刻欄，文本未見,—,未濟
火水未濟,離宮,火,三世,3,6,上九,陽,兄弟,己巳,火,應,有孚于飲酒无咎濡其首有孚失是艮上,35447,八宮規則推導,缺 — 原書木刻欄，文本未見,—,未濟
山水蒙,離宮,火,四世,4,1,初六,陰,父母,戊寅,木,應,發蒙利用刑人用說桎梏以往吝,35459,八宮規則推導,缺 — 原書木刻欄，文本未見,—,蒙
山水蒙,離宮,火,四世,4,1,二九,陽,子孫,戊辰,土,—,缺（文本未見）,,八宮規則推導,缺 — 原書木刻欄，文本未見,—,蒙
山水蒙,離宮,火,四世,4,1,三六,陰,兄弟,戊午,火,—,缺（文本未見）,,八宮規則推導,缺 — 原書木刻欄，文本未見,—,蒙
山水蒙,離宮,火,四世,4,1,四六,陰,子孫,丙戌,土,世,缺（文本未見）,,八宮規則推導,缺 — 原書木刻欄，文本未見,—,蒙
山水蒙,離宮,火,四世,4,1,五六,陰,官鬼,丙子,水,—,缺（文本未見）,,八宮規則推導,缺 — 原書木刻欄，文本未見,—,蒙
山水蒙,離宮,火,四世,4,1,上九,陽,父母,丙寅,木,—,擊蒙不利爲㓂利禦㓂巽上,35469,八宮規則推導,缺 — 原書木刻欄，文本未見,—,蒙
風水渙,離宮,火,五世,5,2,初六,陰,父母,戊寅,木,—,用拯馬壯吉,35481,八宮規則推導,缺 — 原書木刻欄，文本未見,—,渙
風水渙,離宮,火,五世,5,2,二九,陽,子孫,戊辰,土,應,缺（文本未見）,,八宮規則推導,缺 — 原書木刻欄，文本未見,—,渙
風水渙,離宮,火,五世,5,2,三六,陰,兄弟,戊午,火,—,缺（文本未見）,,八宮規則推導,缺 — 原書木刻欄，文本未見,—,渙
風水渙,離宮,火,五世,5,2,四六,陰,子孫,辛未,土,—,缺（文本未見）,,八宮規則推導,缺 — 原書木刻欄，文本未見,—,渙
風水渙,離宮,火,五世,5,2,五九,陽,兄弟,辛巳,火,世,缺（文本未見）,,八宮規則推導,缺 — 原書木刻欄，文本未見,—,渙
風水渙,離宮,火,五世,5,2,上九,陽,父母,辛卯,木,—,其血去思濥逖出无咎乾上,35495,八宮規則推導,缺 — 原書木刻欄，文本未見,—,渙
天水訟,離宮,火,遊魂,4,1,初六,陰,父母,戊寅,木,應,不永所事小有言終吉,35509,八宮規則推導,缺 — 原書木刻欄，文本未見,—,訟
天水訟,離宮,火,遊魂,4,1,二九,陽,子孫,戊辰,土,—,缺（文本未見）,,八宮規則推導,缺 — 原書木刻欄，文本未見,—,訟
天水訟,離宮,火,遊魂,4,1,三六,陰,兄弟,戊午,火,—,缺（文本未見）,,八宮規則推導,缺 — 原書木刻欄，文本未見,—,訟
天水訟,離宮,火,遊魂,4,1,四九,陽,兄弟,壬午,火,世,缺（文本未見）,,八宮規則推導,缺 — 原書木刻欄，文本未見,—,訟
天水訟,離宮,火,遊魂,4,1,五九,陽,妻財,壬申,金,—,缺（文本未見）,,八宮規則推導,缺 — 原書木刻欄，文本未見,—,訟
天水訟,離宮,火,遊魂,4,1,上九,陽,子孫,壬戌,土,—,或錫之鞶帶終朝三褫之,35519,八宮規則推導,缺 — 原書木刻欄，文本未見,—,訟
天火同人,離宮,火,歸魂,3,6,初九,陽,父母,己卯,木,—,同人于門无咎,35530,八宮規則推導,缺 — 原書木刻欄，文本未見,—,天火同人
天火同人,離宮,火,歸魂,3,6,二六,陰,子孫,己丑,土,—,缺（文本未見）,,八宮規則推導,缺 — 原書木刻欄，文本未見,—,天火同人
天火同人,離宮,火,歸魂,3,6,三九,陽,官鬼,己亥,水,世,缺（文本未見）,,八宮規則推導,缺 — 原書木刻欄，文本未見,—,天火同人
天火同人,離宮,火,歸魂,3,6,四九,陽,兄弟,壬午,火,—,缺（文本未見）,,八宮規則推導,缺 — 原書木刻欄，文本未見,—,天火同人
天火同人,離宮,火,歸魂,3,6,五九,陽,妻財,壬申,金,—,缺（文本未見）,,八宮規則推導,缺 — 原書木刻欄，文本未見,—,天火同人
天火同人,離宮,火,歸魂,3,6,上九,陽,子孫,壬戌,土,應,同人于郊无悔,35541,八宮規則推導,缺 — 原書木刻欄，文本未見,—,天火同人
坤為地,坤宮,土,本宮六世,6,3,初六,陰,兄弟,乙未,土,—,履霜堅氷至,35552,八宮規則推導,缺 — 原書木刻欄，文本未見,—,坤爲地
坤為地,坤宮,土,本宮六世,6,3,二六,陰,父母,乙巳,火,—,缺（文本未見）,,八宮規則推導,缺 — 原書木刻欄，文本未見,—,坤爲地
坤為地,坤宮,土,本宮六世,6,3,三六,陰,官鬼,乙卯,木,應,缺（文本未見）,,八宮規則推導,缺 — 原書木刻欄，文本未見,—,坤爲地
坤為地,坤宮,土,本宮六世,6,3,四六,陰,兄弟,癸丑,土,—,缺（文本未見）,,八宮規則推導,缺 — 原書木刻欄，文本未見,—,坤爲地
坤為地,坤宮,土,本宮六世,6,3,五六,陰,妻財,癸亥,水,—,缺（文本未見）,,八宮規則推導,缺 — 原書木刻欄，文本未見,—,坤爲地
坤為地,坤宮,土,本宮六世,6,3,上六,陰,子孫,癸酉,金,世,龍戰于野其血玄黃,35562,八宮規則推導,缺 — 原書木刻欄，文本未見,—,坤爲地
地雷復,坤宮,土,一世,1,4,初九,陽,妻財,庚子,水,世,不遠復无祗悔元吉,35574,八宮規則推導,缺 — 原書木刻欄，文本未見,—,地雷復
地雷復,坤宮,土,一世,1,4,二六,陰,官鬼,庚寅,木,—,缺（文本未見）,,八宮規則推導,缺 — 原書木刻欄，文本未見,—,地雷復
地雷復,坤宮,土,一世,1,4,三六,陰,兄弟,庚辰,土,—,缺（文本未見）,,八宮規則推導,缺 — 原書木刻欄，文本未見,—,地雷復
地雷復,坤宮,土,一世,1,4,四六,陰,兄弟,癸丑,土,應,缺（文本未見）,,八宮規則推導,缺 — 原書木刻欄，文本未見,—,地雷復
地雷復,坤宮,土,一世,1,4,五六,陰,妻財,癸亥,水,—,缺（文本未見）,,八宮規則推導,缺 — 原書木刻欄，文本未見,—,地雷復
地雷復,坤宮,土,一世,1,4,上六,陰,子孫,癸酉,金,—,迷復凶有災眚用行師終有大敗以其國君凶至于十年不克征,35584,八宮規則推導,缺 — 原書木刻欄，文本未見,—,地雷復
地澤臨,坤宮,土,二世,2,5,初九,陽,父母,丁巳,火,—,咸臨貞吉,35595,八宮規則推導,缺 — 原書木刻欄，文本未見,—,地澤臨
地澤臨,坤宮,土,二世,2,5,二九,陽,官鬼,丁卯,木,世,缺（文本未見）,,八宮規則推導,缺 — 原書木刻欄，文本未見,—,地澤臨
地澤臨,坤宮,土,二世,2,5,三六,陰,兄弟,丁丑,土,—,缺（文本未見）,,八宮規則推導,缺 — 原書木刻欄，文本未見,—,地澤臨
地澤臨,坤宮,土,二世,2,5,四六,陰,兄弟,癸丑,土,—,缺（文本未見）,,八宮規則推導,缺 — 原書木刻欄，文本未見,—,地澤臨
地澤臨,坤宮,土,二世,2,5,五六,陰,妻財,癸亥,水,應,缺（文本未見）,,八宮規則推導,缺 — 原書木刻欄，文本未見,—,地澤臨
地澤臨,坤宮,土,二世,2,5,上六,陰,子孫,癸酉,金,—,敦臨吉无咎坤上,35605,八宮規則推導,缺 — 原書木刻欄，文本未見,—,地澤臨
地天泰,坤宮,土,三世,3,6,初九,陽,妻財,甲子,水,—,㧞茅茹以其彚征吉,35618,八宮規則推導,缺 — 原書木刻欄，文本未見,—,泰
地天泰,坤宮,土,三世,3,6,二九,陽,官鬼,甲寅,木,—,缺（文本未見）,,八宮規則推導,缺 — 原書木刻欄，文本未見,—,泰
地天泰,坤宮,土,三世,3,6,三九,陽,兄弟,甲辰,土,世,缺（文本未見）,,八宮規則推導,缺 — 原書木刻欄，文本未見,—,泰
地天泰,坤宮,土,三世,3,6,四六,陰,兄弟,癸丑,土,—,缺（文本未見）,,八宮規則推導,缺 — 原書木刻欄，文本未見,—,泰
地天泰,坤宮,土,三世,3,6,五六,陰,妻財,癸亥,水,—,缺（文本未見）,,八宮規則推導,缺 — 原書木刻欄，文本未見,—,泰
地天泰,坤宮,土,三世,3,6,上六,陰,子孫,癸酉,金,應,城復于隍勿用師自邑告命貞吝震上,35628,八宮規則推導,缺 — 原書木刻欄，文本未見,—,泰
雷天大壯,坤宮,土,四世,4,1,初九,陽,妻財,甲子,水,應,壯于趾征凶有孚,35639,八宮規則推導,缺 — 原書木刻欄，文本未見,—,大壯
雷天大壯,坤宮,土,四世,4,1,二九,陽,官鬼,甲寅,木,—,缺（文本未見）,,八宮規則推導,缺 — 原書木刻欄，文本未見,—,大壯
雷天大壯,坤宮,土,四世,4,1,三九,陽,兄弟,甲辰,土,—,缺（文本未見）,,八宮規則推導,缺 — 原書木刻欄，文本未見,—,大壯
雷天大壯,坤宮,土,四世,4,1,四九,陽,父母,庚午,火,世,缺（文本未見）,,八宮規則推導,缺 — 原書木刻欄，文本未見,—,大壯
雷天大壯,坤宮,土,四世,4,1,五六,陰,子孫,庚申,金,—,缺（文本未見）,,八宮規則推導,缺 — 原書木刻欄，文本未見,—,大壯
雷天大壯,坤宮,土,四世,4,1,上六,陰,兄弟,庚戌,土,—,羝羊觸籓不能退能遂无攸利兼則吉兌上,35651,八宮規則推導,缺 — 原書木刻欄，文本未見,—,大壯
澤天夬,坤宮,土,五世,5,2,初九,陽,妻財,甲子,水,—,壯于前趾往不勝爲咎,35662,八宮規則推導,缺 — 原書木刻欄，文本未見,—,夬
澤天夬,坤宮,土,五世,5,2,二九,陽,官鬼,甲寅,木,應,缺（文本未見）,,八宮規則推導,缺 — 原書木刻欄，文本未見,—,夬
澤天夬,坤宮,土,五世,5,2,三九,陽,兄弟,甲辰,土,—,缺（文本未見）,,八宮規則推導,缺 — 原書木刻欄，文本未見,—,夬
澤天夬,坤宮,土,五世,5,2,四九,陽,妻財,丁亥,水,—,缺（文本未見）,,八宮規則推導,缺 — 原書木刻欄，文本未見,—,夬
澤天夬,坤宮,土,五世,5,2,五九,陽,子孫,丁酉,金,世,缺（文本未見）,,八宮規則推導,缺 — 原書木刻欄，文本未見,—,夬
澤天夬,坤宮,土,五世,5,2,上六,陰,兄弟,丁未,土,—,无號終有凶坎上,35672,八宮規則推導,缺 — 原書木刻欄，文本未見,—,夬
水天需,坤宮,土,遊魂,4,1,初九,陽,妻財,甲子,水,應,需于郊利用恆无咎,35684,八宮規則推導,缺 — 原書木刻欄，文本未見,—,需
水天需,坤宮,土,遊魂,4,1,二九,陽,官鬼,甲寅,木,—,缺（文本未見）,,八宮規則推導,缺 — 原書木刻欄，文本未見,—,需
水天需,坤宮,土,遊魂,4,1,三九,陽,兄弟,甲辰,土,—,缺（文本未見）,,八宮規則推導,缺 — 原書木刻欄，文本未見,—,需
水天需,坤宮,土,遊魂,4,1,四六,陰,子孫,戊申,金,世,缺（文本未見）,,八宮規則推導,缺 — 原書木刻欄，文本未見,—,需
水天需,坤宮,土,遊魂,4,1,五九,陽,兄弟,戊戌,土,—,缺（文本未見）,,八宮規則推導,缺 — 原書木刻欄，文本未見,—,需
水天需,坤宮,土,遊魂,4,1,上六,陰,妻財,戊子,水,—,入于穴有不速之客三人來敬之終吉坎上,35694,八宮規則推導,缺 — 原書木刻欄，文本未見,—,需
水地比,坤宮,土,歸魂,3,6,初六,陰,兄弟,乙未,土,—,有孚比之无咎有孚盈缶終來有他吉,35705,八宮規則推導,缺 — 原書木刻欄，文本未見,—,比
水地比,坤宮,土,歸魂,3,6,二六,陰,父母,乙巳,火,—,缺（文本未見）,,八宮規則推導,缺 — 原書木刻欄，文本未見,—,比
水地比,坤宮,土,歸魂,3,6,三六,陰,官鬼,乙卯,木,世,缺（文本未見）,,八宮規則推導,缺 — 原書木刻欄，文本未見,—,比
水地比,坤宮,土,歸魂,3,6,四六,陰,子孫,戊申,金,—,缺（文本未見）,,八宮規則推導,缺 — 原書木刻欄，文本未見,—,比
水地比,坤宮,土,歸魂,3,6,五九,陽,兄弟,戊戌,土,—,缺（文本未見）,,八宮規則推導,缺 — 原書木刻欄，文本未見,—,比
水地比,坤宮,土,歸魂,3,6,上六,陰,妻財,戊子,水,應,比之无首凶,35716,八宮規則推導,缺 — 原書木刻欄，文本未見,—,比
兌為澤,兌宮,金,本宮六世,6,3,初九,陽,官鬼,丁巳,火,—,和兖吉,35726,八宮規則推導,缺 — 原書木刻欄，文本未見,—,兌爲澤
兌為澤,兌宮,金,本宮六世,6,3,二九,陽,妻財,丁卯,木,—,缺（文本未見）,,八宮規則推導,缺 — 原書木刻欄，文本未見,—,兌爲澤
兌為澤,兌宮,金,本宮六世,6,3,三六,陰,父母,丁丑,土,應,缺（文本未見）,,八宮規則推導,缺 — 原書木刻欄，文本未見,—,兌爲澤
兌為澤,兌宮,金,本宮六世,6,3,四九,陽,子孫,丁亥,水,—,缺（文本未見）,,八宮規則推導,缺 — 原書木刻欄，文本未見,—,兌爲澤
兌為澤,兌宮,金,本宮六世,6,3,五九,陽,兄弟,丁酉,金,—,缺（文本未見）,,八宮規則推導,缺 — 原書木刻欄，文本未見,—,兌爲澤
兌為澤,兌宮,金,本宮六世,6,3,上六,陰,父母,丁未,土,世,引兌兌上,35736,八宮規則推導,缺 — 原書木刻欄，文本未見,—,兌爲澤
澤水困,兌宮,金,一世,1,4,初六,陰,妻財,戊寅,木,世,臀困于株木入于幽谷三歲不覿,35748,八宮規則推導,缺 — 原書木刻欄，文本未見,—,困
澤水困,兌宮,金,一世,1,4,二九,陽,父母,戊辰,土,—,缺（文本未見）,,八宮規則推導,缺 — 原書木刻欄，文本未見,—,困
澤水困,兌宮,金,一世,1,4,三六,陰,官鬼,戊午,火,—,缺（文本未見）,,八宮規則推導,缺 — 原書木刻欄，文本未見,—,困
澤水困,兌宮,金,一世,1,4,四九,陽,子孫,丁亥,水,應,缺（文本未見）,,八宮規則推導,缺 — 原書木刻欄，文本未見,—,困
澤水困,兌宮,金,一世,1,4,五九,陽,兄弟,丁酉,金,—,缺（文本未見）,,八宮規則推導,缺 — 原書木刻欄，文本未見,—,困
澤水困,兌宮,金,一世,1,4,上六,陰,父母,丁未,土,—,困于葛藟于臲卼曰動悔有悔貞吉兌上,35758,八宮規則推導,缺 — 原書木刻欄，文本未見,—,困
澤地萃,兌宮,金,二世,2,5,初六,陰,父母,乙未,土,—,有孚不終乃亂乃萃若號一握爲笑勿恤往无咎,35769,八宮規則推導,缺 — 原書木刻欄，文本未見,—,萃
澤地萃,兌宮,金,二世,2,5,二六,陰,官鬼,乙巳,火,世,缺（文本未見）,,八宮規則推導,缺 — 原書木刻欄，文本未見,—,萃
澤地萃,兌宮,金,二世,2,5,三六,陰,妻財,乙卯,木,—,缺（文本未見）,,八宮規則推導,缺 — 原書木刻欄，文本未見,—,萃
澤地萃,兌宮,金,二世,2,5,四九,陽,子孫,丁亥,水,—,缺（文本未見）,,八宮規則推導,缺 — 原書木刻欄，文本未見,—,萃
澤地萃,兌宮,金,二世,2,5,五九,陽,兄弟,丁酉,金,應,缺（文本未見）,,八宮規則推導,缺 — 原書木刻欄，文本未見,—,萃
澤地萃,兌宮,金,二世,2,5,上六,陰,父母,丁未,土,—,齎咨涕洟无咎兌上,35779,八宮規則推導,缺 — 原書木刻欄，文本未見,—,萃
澤山咸,兌宮,金,三世,3,6,初六,陰,父母,丙辰,土,—,咸其拇,35791,八宮規則推導,缺 — 原書木刻欄，文本未見,—,咸
澤山咸,兌宮,金,三世,3,6,二六,陰,官鬼,丙午,火,—,缺（文本未見）,,八宮規則推導,缺 — 原書木刻欄，文本未見,—,咸
澤山咸,兌宮,金,三世,3,6,三九,陽,兄弟,丙申,金,世,缺（文本未見）,,八宮規則推導,缺 — 原書木刻欄，文本未見,—,咸
澤山咸,兌宮,金,三世,3,6,四九,陽,子孫,丁亥,水,—,缺（文本未見）,,八宮規則推導,缺 — 原書木刻欄，文本未見,—,咸
澤山咸,兌宮,金,三世,3,6,五九,陽,兄弟,丁酉,金,—,缺（文本未見）,,八宮規則推導,缺 — 原書木刻欄，文本未見,—,咸
澤山咸,兌宮,金,三世,3,6,上六,陰,父母,丁未,土,應,其輔頰舌坎上,35801,八宮規則推導,缺 — 原書木刻欄，文本未見,—,咸
水山蹇,兌宮,金,四世,4,1,初六,陰,父母,丙辰,土,應,往蹇來譽,35812,八宮規則推導,缺 — 原書木刻欄，文本未見,—,蹇
水山蹇,兌宮,金,四世,4,1,二六,陰,官鬼,丙午,火,—,缺（文本未見）,,八宮規則推導,缺 — 原書木刻欄，文本未見,—,蹇
水山蹇,兌宮,金,四世,4,1,三九,陽,兄弟,丙申,金,—,缺（文本未見）,,八宮規則推導,缺 — 原書木刻欄，文本未見,—,蹇
水山蹇,兌宮,金,四世,4,1,四六,陰,兄弟,戊申,金,世,缺（文本未見）,,八宮規則推導,缺 — 原書木刻欄，文本未見,—,蹇
水山蹇,兌宮,金,四世,4,1,五九,陽,父母,戊戌,土,—,缺（文本未見）,,八宮規則推導,缺 — 原書木刻欄，文本未見,—,蹇
水山蹇,兌宮,金,四世,4,1,上六,陰,子孫,戊子,水,—,往蹇來碩吉利見大人坤上,35825,八宮規則推導,缺 — 原書木刻欄，文本未見,—,蹇
地山謙,兌宮,金,五世,5,2,初六,陰,父母,丙辰,土,—,謙謙君子用涉大川吉,35836,八宮規則推導,缺 — 原書木刻欄，文本未見,—,謙
地山謙,兌宮,金,五世,5,2,二六,陰,官鬼,丙午,火,應,缺（文本未見）,,八宮規則推導,缺 — 原書木刻欄，文本未見,—,謙
地山謙,兌宮,金,五世,5,2,三九,陽,兄弟,丙申,金,—,缺（文本未見）,,八宮規則推導,缺 — 原書木刻欄，文本未見,—,謙
地山謙,兌宮,金,五世,5,2,四六,陰,父母,癸丑,土,—,缺（文本未見）,,八宮規則推導,缺 — 原書木刻欄，文本未見,—,謙
地山謙,兌宮,金,五世,5,2,五六,陰,子孫,癸亥,水,世,缺（文本未見）,,八宮規則推導,缺 — 原書木刻欄，文本未見,—,謙
地山謙,兌宮,金,五世,5,2,上六,陰,兄弟,癸酉,金,—,鳴謙利用行師征邑國震上,35846,八宮規則推導,缺 — 原書木刻欄，文本未見,—,謙
雷山小過,兌宮,金,遊魂,4,1,初六,陰,父母,丙辰,土,應,飛烏以凶,35857,八宮規則推導,缺 — 原書木刻欄，文本未見,—,小過
雷山小過,兌宮,金,遊魂,4,1,二六,陰,官鬼,丙午,火,—,缺（文本未見）,,八宮規則推導,缺 — 原書木刻欄，文本未見,—,小過
雷山小過,兌宮,金,遊魂,4,1,三九,陽,兄弟,丙申,金,—,缺（文本未見）,,八宮規則推導,缺 — 原書木刻欄，文本未見,—,小過
雷山小過,兌宮,金,遊魂,4,1,四九,陽,官鬼,庚午,火,世,缺（文本未見）,,八宮規則推導,缺 — 原書木刻欄，文本未見,—,小過
雷山小過,兌宮,金,遊魂,4,1,五六,陰,兄弟,庚申,金,—,缺（文本未見）,,八宮規則推導,缺 — 原書木刻欄，文本未見,—,小過
雷山小過,兌宮,金,遊魂,4,1,上六,陰,父母,庚戌,土,—,弗遇過之飛烏離之凶是謂災眚震上,35867,八宮規則推導,缺 — 原書木刻欄，文本未見,—,小過
雷澤歸妹,兌宮,金,歸魂,3,6,初九,陽,官鬼,丁巳,火,—,歸妹以娣跛能履征吉,35878,八宮規則推導,缺 — 原書木刻欄，文本未見,—,歸妹
雷澤歸妹,兌宮,金,歸魂,3,6,二九,陽,妻財,丁卯,木,—,缺（文本未見）,,八宮規則推導,缺 — 原書木刻欄，文本未見,—,歸妹
雷澤歸妹,兌宮,金,歸魂,3,6,三六,陰,父母,丁丑,土,世,缺（文本未見）,,八宮規則推導,缺 — 原書木刻欄，文本未見,—,歸妹
雷澤歸妹,兌宮,金,歸魂,3,6,四九,陽,官鬼,庚午,火,—,缺（文本未見）,,八宮規則推導,缺 — 原書木刻欄，文本未見,—,歸妹
雷澤歸妹,兌宮,金,歸魂,3,6,五六,陰,兄弟,庚申,金,—,缺（文本未見）,,八宮規則推導,缺 — 原書木刻欄，文本未見,—,歸妹
雷澤歸妹,兌宮,金,歸魂,3,6,上六,陰,父母,庚戌,土,應,女承筐无實士刲羊无血无攸利附納甲法其法皆自下而上乾戌申午辰寅子坎子戍申午辰寅巳上四宫皆屬陽皆艮寅子戌申午辰震戌申午辰寅子用陽支順輪巽卯巳未西亥丑離巳未西亥丑卯巳上四宫皆屬陰皆坤西亥丑卯巳未兌未酉亥丑卯巳用陰支逆轉┌─ 歌曰歌曰乾金甲子外壬午坎水戊寅外戊申艮土丙辰外丙戌震木庚子庚午臨巽木辛丑幷辛未離火巳卯巳酉𢑗坤士乙未加癸丑兌金丁巳丁亥憑┌─ 附六神起位附六神起位亦自下而上如納甲法,35888,八宮規則推導,缺 — 原書木刻欄，文本未見,—,歸妹
