卦名,文本卦名OCR,上卦,下卦,判曰行号,判文,初,二,三,四,五,上,用九用六,象辭,裝卦出處
乾為天,乾爲天,乾,乾,34528,乾者健也大哉乾元蔭覆無偏元運造化萬物資始雲行雨施變化不言東西任意南北安然,潛龍勿用,見龍在田利見大人,君子終日乾乾夕惕若厲无咎,或躍在淵无咎,飛龍在天利見大人,亢龍有悔,用九：見羣龍无首吉,六龍御天之卦／廣大包容之象,影像已核＋八宮規則
天風姤,天風姤,乾,巽,34555,姤者遇也以陰遇陽以柔遇剛本无所望而卒然値之不期而遇古者得之所謀无不吉也,繫于金柅貞吉有攸往見凶羸豕蹢躅,包有魚无咎不利賓,臀无膚其行次且厲无大咎,包无魚起凶,以杞包𤓰含章有隕自上,姤其角吝无咎,,風雲相濟之卦／君臣會合之象,影像已核＋八宮規則
天山遯,天山遯,乾,艮,34578,遯者退也處遯之時陽道欲虧惡事即起善事欲衰欲進欲退疑惑難爲以小制大君子避之,遯尾厲勿用利有攸往,執之用黃牛之革莫之勝說,係遯有厲畜臣妾吉,好遯君子吉小人否,喜遯貞吉,肥遯无不利,,豹隱南山之卦／遷善遠惡之象,影像已核＋八宮規則
天地否,天地否,乾,坤,34598,否者塞也天地不交陰陽閉塞夫婦不和别離南北君子道消小人道長人物乖違不通之象,㧞茅茹以其彚貞吉亨,包承小人吉大人否亨,包羞,有命无咎疇離祉,休否大人吉其亡其亡繫于包桑,傾否先否後喜,,缺 — 文本未見,八宮規則推導
風地觀,風地觀,巽,坤,34618,觀者觀也觀國之光風在地上萬物榮昌財不破散爵祿加彰,童觀小人无咎君子吝,闚觀利女貞,觀我生進退,觀國这光利用賓于王,觀我生君子无咎,觀其生君子无咎,,缺 — 文本未見,八宮規則推導
山地剝,山地剝,艮,坤,34638,剝者落也山高岌岌其形似剝陰道將盈陽道衰弱卦臨九月霜葉凋落人離財散求官失爵,剝牀以足蔑貞凶,剝牀以辨蔑貞凶,剝之无咎,剝牀以膚凶,貫魚以宮人五寵无不利,碩果不食君子得輿小人得廬,,缺 — 文本未見,八宮規則推導
火地晉,火地晉,離,坤,34660,晉者進也日出于地柔而上行巡運照耀昇進其明居官益位禍滅福生利見王侯任意必亨,晉如摧如貞吉罔孚裕无咎,晉如愁如貞吉受玆介福于其王母,衆允悔亡,晉如鼫䑕貞厲,悔亡失得勿恤往吉无不利,晉其角維用伐邑厲吉无咎貞吉,,缺 — 文本未見,八宮規則推導
火天大有,火天大有,離,乾,34680,大有者寛也柔得尊位官祿日實掩惡揚善豐財和義廣納包容成物之美自天祐之吉亨利,无交害匪咎艱則无咎,大車以載有攸往无咎,公用享于天子小人弗克九四匪其彭无咎,,厥孚交如威如吉,自天祐之吉无不利,,缺 — 文本未見,八宮規則推導
坎為水,坎爲水,坎,坎,34703,坎者陷也逢流則注遇坎則止出入艱險隨坎不已陰愁伏慝共相謀計千里辭家始免迍否,習坎入于坎窞凶,坎有險求小得,來之坎坎險且枕入于坎窞勿用,樽酒簋貳用缶納約自牖終无咎,坎不盈祗旣平无咎,繫于徽纒寘于叢棘三歲不得凶,,缺 — 文本未見,八宮規則推導
水澤節,水澤節,坎,兌,34723,節者止也天地得節四時所成節以制度儉以豐盈內憂外悅不出户庭于身謹節无不康寧,不出戸庭无咎,不出門庭凶,不節若則嗟若无咎,安節亨,甘節吉往有尚,苦節貞凶悔亡,,缺 — 文本未見,八宮規則推導
水雷屯,水雷屯,坎,震,34743,屯者難也象迍之時動則難生如常之事先易後爭時方屯難切忌遠行婚姻即吉謀望不亨,盤極利居貞利建侯,迍如邅如乘馬班如匪㓂婚媾女子貞不字十年乃字,即鹿无虞惟入于林中君子幾不如舍往吝,乘馬班如求婚媾往吉无不利,屯其膏小貞吉大貞凶,乗馬班如泣血漣如,,缺 — 文本未見,八宮規則推導
水火既濟,水火旣濟,坎,離,34763,旣濟合也水火相遇會合之義往渡得船成功必濟所求必從所從必遂斯不失時謂之旣濟,曵其輪濡其尾无咎,婦喪其茀勿逐七日得,高宗伐鬼方三年克之小人勿用,繻有衣枷終日戒,東鄰殺牛不如西鄰之禴祭實受其福,濡其首厲,,缺 — 文本未見,八宮規則推導
澤火革,澤火革,兌,離,34783,革者改也攺故就新變易之道交易其所君子豹變時有不遇竝宜攺革守舊則凶從新則吉,鞏用黃牛之革,巳日乃革之征吉无咎九三征凶貞厲革言三就有孚,,悔亡有孚改命吉,大人虎變未占有孚,君子豹變小人革面征凶居貞吉震上,,缺 — 文本未見,八宮規則推導
雷火豐,豐,震,離,34805,豐者大也日中見斗幽而不明此事適大隱映其形水中見日无所取呈求財未得事卒難明,遇其主雖旬无咎往有尚,豐其蔀日中見斗往得疑疾有孚發若吉,豐其沛日中見沫折其左肱无咎,豐其蔀日中見斗遇其夷主吉,來章有慶譽吉,豐其屋蔀其家闚其戸閴其无人三歲不覿凶,,缺 — 文本未見,八宮規則推導
地火明夷,地火明夷,坤,離,34826,夷傷也火入地中掩傷明德君子在厄三日不食文王之難困于叢棘百凡謀望且宜止息,明夷于飛垂其翼君子于行三日不食有攸往主人有言,明夷于左股用拯馬壯吉,明夷于南狩得其大首不可疾貞,入于左腹獲眀夷之心于出門庭,箕子之明夷利貞,不明晦初登于天後入于地坤上,,缺 — 文本未見,八宮規則推導
地水師,師,坤,坎,34848,師者衆也獨行越師最不宜動君子有命小人勿用共相克作政道成訟,師出以律否臧凶,在師中吉无咎王三錫命,師或輿尸凶,師左次无咎,田有禽利執言无咎長子帥師弟子輿尸貞凶,大君有命開國承家小人勿用,,缺 — 文本未見,八宮規則推導
艮為山,艮爲山,艮,艮,34868,艮者止也純艮危危安靜无虧時止則止時移即移錢財散失失在小兒㝷求不得東北宜之,艮其趾无咎用貞,艮其腓不拯其隨其心不快,艮其限列其夤厲薰心,艮其身无咎,艮其輔言有序悔亡,敦艮吉,,缺 — 文本未見,八宮規則推導
山火賁,山火賁,艮,離,34891,賁者飾也光彩烜赫火色含月文章交錯應雜其間進退榮益朿帛戔戔,賁其趾舍車而徒,賁其須,賁如濡如永貞吉,賁如皤如白馬翰如匪㓂婚媾,賁于丘園朿帛戔戔吝終吉,白賁无咎艮上,,缺 — 文本未見,八宮規則推導
山天大畜,大畜,艮,乾,34912,大畜聚也剛健篤實積聚豐隆居官食祿建立其功論訟有益道理亨通利涉大川後吉先凶,有厲利巳,輿說輹,良馬逐利艱貞日閑輿衛利有攸往,童牛之牿元吉,積豕之牙吉,何天之衢亨,,缺 — 文本未見,八宮規則推導
山澤損,山澤摜,艮,兌,34932,者益也損上益下後易先難是非走失事主憂官必損而巳何以爲安,巳事遄往无咎酌損之,利貞征凶弗損益之,三人行則損一人一人行則得其友,損其疾使遄有喜无咎,或益之十朋之龜弗克違元吉,弗損益之无咎貞吉利有攸往得臣无家,,缺 — 文本未見,八宮規則推導
火澤睽,火澤睽,離,兌,34952,暌者背也志不相得作事乖違口舌相伴財散人離病者難痊行者不歸,悔亡喪馬勿逐自復見惡人无咎,遇主于巷无咎,見輿曵其牛掣其人天且劓无初有終,睽孤遇元夫交孚厲无咎,悔亡厥宗噬膚往何咎,睽孤見豕終負塗載鬼一車先張之弧後說之弧匪㓂婚媾往遇雨則吉,,缺 — 文本未見,八宮規則推導
天澤履,天澤履,乾,兌,34973,履者禮也如履虎尾防慮宜深堅氷之患戒愼兢兢安中防危憂中望喜眇而能視跛而能履,素履往无咎,履道坦坦幽人貞吉,眇能視跛能履履虎尾咥人凶武人爲于大君,履虎尾愬懋終吉,夬履貞厲,視履考祥其旋无吉吉巽上,,缺 — 文本未見,八宮規則推導
風澤中孚,中孚,巽,兌,34994,中孚信也天地養育萬物安居澤被草木信及豚魚利涉大川厄難消除,虞吉有他不燕,鳴寉在陰其子和之我有好爵吾與爾縻之,得敵或鼓或罷或泣或歌,月幾望馬匹亡无咎,有孚攣如无咎,翰音登于天貞凶,,缺 — 文本未見,八宮規則推導
風山漸,風山漸,巽,艮,35014,漸者進也漸進之義動靜皆宜食无求飽款曲施爲婚姻和合行人將歸,鴻漸千于小子厲有言无咎,鴻漸于磐飲食衎衎吉,鴻漸于陸夫征不復婦孕不育凶利禦㓂,鴻漸于木或得其角无咎,鴻漸于陵婦三歲不孕終莫之勝吉,鴻漸于陸其礼可用爲儀吉,,缺 — 文本未見,八宮規則推導
震為雷,震爲雷,震,震,35036,震者動也重雷發響百里飛聲无事之者愕然而驚求謀和遂官爵難成空聞其響不見其形,震來𧈅𧈅後笑言啞亞吉,震來厲億喪身躋于九陵勿逐七口得,震蘇蘇震行无眚,震遂泥,震往來厲億无喪有事,震索索視矍矍征凶震不于其射于其鄰无咎婚媾有言,,缺 — 文本未見,八宮規則推導
雷地豫,雷地豫,震,坤,35056,豫者悅也雷出于地開蟄鼓翼天地順動日時不忒先王制禮殷薦崇德凡事无疑上下悅懌,鳴豫凶,介于石不終日貞吉,盰豫悔遲有悔,由豫大有德勿疑朋盍簪,貞疾恆不死,冥豫成有渝无咎,,缺 — 文本未見,八宮規則推導
雷水解,雷水解,震,坎,35077,解者散也出于險難惡事消散獄訟可釋共相歌贊婚不和諧人如隔面久患在牀令當冰泮,无咎,田獲三狐得黃天貞吉,負且乘致㓂至貞吝,解而拇朋至斯孚,君子維有解吉有孚于小人,公用射隼于高墉之上獲之无不利,,缺 — 文本未見,八宮規則推導
雷風恆,雷風恒,震,巽,35097,恒者久也長久安靜不動爲良四時變化天道之常日月運轉普照其光君子以立不易其方,浚恒貞凶无攸利,悔亡,不恒其德或承之羞貞吝,田无禽,恒其德貞婦人吉夫子凶,振恒凶,,缺 — 文本未見,八宮規則推導
地風升,地風升,坤,巽,35120,升者進也木生于土萌芽漸長積小成大升進而上宜見王公褒嘉歎賞出闇向明亨通之象,允升大吉,孚乃利用禴无咎,升虚邑,王用享于岐山吉无咎,貞吉升階,冥升利于不息之貞,,缺 — 文本未見,八宮規則推導
水風井,水風井,坎,巽,35140,井者靜也邑乃可攺井不可移安身勿動守道无虧所作于人且宜修之逃亾難得應沒還期,井泥不食舊井无禽,井谷射鮒甕敝漏,井渫不食爲我心惻可用汲王明竝受其福,井甃无咎,井冽寒泉食,井收勿幕有阻击元吉,,缺 — 文本未見,八宮規則推導
澤風大過,澤風大過,兌,巽,35161,大過禍也四陽過盛上下不勝棟撓之象事卒難明兩刑兩尅所求不成枯楊借生自滅之徵,藉用白茅无咎,枯楊生稊老夫得其女妻无不利,棟撓凶,棟隆吉有他吝,枯楊生稊老婦得其士夫无咎无譽,過涉滅頂吝凶无咎,,缺 — 文本未見,八宮規則推導
澤雷隨,澤雷隨,兌,震,35181,隨者順也上剛下柔隨時之義攺故鼎新衆美俱至士子得官宜增祿位百事遂意吉无不利,官有渝貞吉出門交有功,係小子失丈夫,係丈夫失小子隨有求得利居貞,隨有獲貞凶有孚在道以明何咎,孚于嘉吉,拘係之乃從維之王用享于西山,,缺 — 文本未見,八宮規則推導
巽為風,巽爲風,巽,巽,35201,巽者順也乃順承天動用相尚消息交通无諸蔽障惡事不同風飄其響所作隨順進達之象,進退利武人之貞,巽在牀下用史巫紛若吉无咎,頻巽吝,悔亡田獲三品,貞吉悔亡无不利无初有終先庚三日後庚三日吉,巽在牀下喪其資斧貞凶巽上,,缺 — 文本未見,八宮規則推導
風天小畜,小畜,巽,乾,35223,小畜塞也密雲不雨夫婦反覆信息不通出行𨚫伏求事不成遲而未速,復自道其咎吉,牽復吉,輿說輹夫妻反目,有孚血去惕出无咎何,有孚攣如富以其鄰,旣雨旣處尚德載婦貞厲月幾望君子征凶巽上,,缺 — 文本未見,八宮規則推導
風火家人,家人,巽,離,35244,家人同也陰陽得位夫婦克隆田木增廣財入本宮婚姻之道以存始終不求自合家慶融融,閉有家悔亡,无攸遂在中饋貞吉,家人嗃嗃悔厲吉六婦子嘻嘻終吝,富家大吉,王假有家勿恤吉,有孚烕如終吉,,缺 — 文本未見,八宮規則推導
風雷益,風雷益,巽,震,35264,益者損也風雷相舉益道自然小人達情刑獄之愆君子位變見善則遷利有攸往行人速還,利用爲大作元吉无咎,或益之十朋之龜弗克違永貞吉王用享于帝吉,益之用凶事无咎有孚中行告公用圭,中行告公從利用爲依遷國,有孚惠心勿問元吉有孚惠我德,莫益之或擊之立心勿恒凶乾上,,缺 — 文本未見,八宮規則推導
天雷無妄,无妄,乾,震,35285,无妄天災也天雷震響驚怖如摧病者勿與藥雖凶可爲百凡謀望居安慮危,无妄往吉,不耕獲不菑畬則利有攸往,无妄之災或繫之生行人之得邑人之災,可貞无咎,无妄之疾勿藥有喜,无妄行有眚无攸利,,缺 — 文本未見,八宮規則推導
火雷噬嗑,屬火雷,離,震,35305,噬嗑囓也上下相合物在頤間飮食之事聚會相延財爻持世求之不難所爲事理内外俱安,屨挍滅趾无咎,噬膚滅鼻无咎,噬腊肉遇毒小吝无咎,噬乾胏得金矢利堅貞吉,噬乾肉得黃金貞厲无咎,何挍滅耳凶,,缺 — 文本未見,八宮規則推導
山雷頤,山雷頥,艮,震,35327,頤者養也謹言節食能養其身震動艮止萬物皆春惡事消散不害于人,舍爾靈龜觀我朶頥凶,顚頥拂經于丘頤征凶,拂頤貞凶十年勿用无攸利,顛頥吉虎視耽耽其欲逐逐无咎,拂經居貞吉不可涉大川,由頥厲吉利涉大川艮上,,缺 — 文本未見,八宮規則推導
山風蠱,蠱,艮,巽,35348,蠱者事也幹父之體任用于先三蟲在器陰害相連厭昧之事其疾難痊求謀欲起慮恐相干,幹父之蠱有子考无咎厲終吉,幹母之蠱不可貞,幹父之蠱小有悔无大咎六四裕父之蠱不可貞,,幹父之蠱用譽,不事王侯高尚其事,,缺 — 文本未見,八宮規則推導
離為火,離爲火,離,離,35370,離者麗麗也光明美不利出師二鳥同飛雄失其雌婚姻未合易起官非口舌栢尚財散人離,履錯然敬之无咎,黃離元吉,日昃之離不鼓缶而歌則大耊之嗟凶,突如其來如焚如死如棄如,出涕沱若戚嗟若吉,王用出征有嘉折首獲匪其醜无咎,,缺 — 文本未見,八宮規則推導
火山旅,火山旅,離,艮,35392,旅者客也長途落落覊旅凄淒火行山上逐州高低如烏焚巢无枝可栖雖然先笑後有悲啼,旅𤨏𤨏斯其所取災,旅次即懷其資得童僕貞,旅焚其次喪其童僕貞厲,旅于處得其資斧我心不快,射雉一矢亡終以譽命,旅人先笑後號咷喪牛于易凶,,缺 — 文本未見,八宮規則推導
火風鼎,火風鼎,離,巽,35413,鼎者定也鼎象九州和羮之器變生爲熟以成香味鼎乃易溢不宜爭事官鬼持世求官最利,鼎顚趾利出否得妾以其子无咎,鼎有實我仇有疾不我能即吉,鼎耳革其行塞雉膏不食方雨虧悔終吉,鼎折足覆公餗其形渥凶,鼎黃耳金鉉大吉,鼎玉鉉利貞无不利離上,,缺 — 文本未見,八宮規則推導
火水未濟,未濟,離,坎,35434,未濟失也水火不交剛柔失位求事未成多有壅滯如狐度冰必濡其尾積小成大謂之未濟,濡其尾吝,曵其輪貞吉,未濟貞凶利涉大川,貞吉悔亡高宗伐鬼方三年有賞于大國,貞吉无悔君子之光有孚吉,有孚于飲酒无咎濡其首有孚失是艮上,,缺 — 文本未見,八宮規則推導
山水蒙,蒙,艮,坎,35455,蒙者昧也蒙以養正上下有泉回還反覆迷悶相連多憂過失病患相纒欲進欲退疑惑不前,發蒙利用刑人用說桎梏以往吝,包蒙吉納婦吉子克家,勿用取女見金夫不有躬无攸利,困蒙吝,童蒙吝,擊蒙不利爲㓂利禦㓂巽上,,缺 — 文本未見,八宮規則推導
風水渙,渙,巽,坎,35477,渙者散也逐波隨水患難將消惡事離身獄訟出牢利涉大川舟楫遙遙出入无滯福德滔滔出牢利涉大,用拯馬壯吉,涣奔其杌悔亡,渙其躬无悔,渙其羣元吉渙有丘匪夷所思,渙汗其大號渙王居无咎,其血去思濥逖出无咎乾上,,缺 — 文本未見,八宮規則推導
天水訟,訟,乾,坎,35504,西往水脉東流求事未遂心常懷憂爭訟宜止可用和休,不永所事小有言終吉,不克訟歸而逋其邑人三百戶无眚,食厲德貞厲終吉或從王事无成,不克訟復即命渝安貞吉,訟元吉,或錫之鞶帶終朝三褫之,,缺 — 文本未見,八宮規則推導
天火同人,天火同人,乾,離,35526,同人親也同心之言其臭如蘭二人同心其利斷金所求皆得无不稱心,同人于門无咎,同人于宗吝,伏戎于莽升其高陵三歲不興,乘其墉弗克攻吉,同人先號咷而後笑大師克相遇,同人于郊无悔,,缺 — 文本未見,八宮規則推導
坤為地,坤爲地,坤,坤,35548,坤者順也乃順成天萬物資生用動則濁用靜則清所作有順萬物皆成,履霜堅氷至,直方大不習无不利,含章可貞或從王事无成有終,括囊无咎无譽,黃裳元吉,龍戰于野其血玄黃,用六：利永貞,缺 — 文本未見,八宮規則推導
地雷復,地雷復,坤,震,35571,復者反也內悅外順舉動无違世應相合遷官益財失而復得往而復來婚姻占得夫婦和諧,不遠復无祗悔元吉,休復吉,頓復厲无咎,中行獨復,敦復无悔,迷復凶有災眚用行師終有大敗以其國君凶至于十年不克征,,缺 — 文本未見,八宮規則推導
地澤臨,地澤臨,坤,兌,35591,臨者大也以大臨小以上臨下内柔外和人非欺詐居官進升文才和雅縱有災害不能相涉,咸臨貞吉,咸臨吉无不利,甘臨无攸利旣憂之无咎,至臨无咎,智臨大君之宜吉,敦臨吉无咎坤上,,缺 — 文本未見,八宮規則推導
地天泰,泰,坤,乾,35614,泰者通也天地交泰陰陽和光麟圖獻瑞丹鳳來翔小人道滅君子道昌求謀順遂惡事消亡,㧞茅茹以其彚征吉,包荒用馮河不遐遺朋亡不用于中行,无平不陂无往不復艱貞无咎勿恤其孚于食有福,翩翩不富以其鄰不戒以孚,帝乙歸妹以趾元吉,城復于隍勿用師自邑告命貞吝震上,,缺 — 文本未見,八宮規則推導
雷天大壯,大壯,震,乾,35636,大壯志也羝羊觸籓其道難全今人剛强已成過愆非利勿貪善莫大焉,壯于趾征凶有孚,貞吉,小人用壯君子用罔貞厲羝羊觸籓羸其角九四貞吉悔亡籓決不羸壯于大輿之輹,,喪羊于易无悔,羝羊觸籓不能退能遂无攸利兼則吉兌上,,缺 — 文本未見,八宮規則推導
澤天夬,夬,兌,乾,35659,夬者決也乾兌相刑惡聞其聲文字𢍆約事未易成必須剛斷始終吉亨,壯于前趾往不勝爲咎,惕號莫夜有戎勿恤,壯于頄有凶君子夬夬獨行遇雨若濡有愠无咎,臀无膚其行次且牽羊悔亡聞言不信,莧陸夬夬中行无咎,无號終有凶坎上,,缺 — 文本未見,八宮規則推導
水天需,需,坎,乾,35681,需者須也雲行于天見險不前身將有厄恐被勾連大事欲至憂慮懸懸光亨貞吉利涉大川,需于郊利用恆无咎,需于沙小有言終吉,需于泥致㓂至,需于血出自穴,需于酒食貞吉,入于穴有不速之客三人來敬之終吉坎上,,缺 — 文本未見,八宮規則推導
水地比,比,坎,坤,35702,比者和也撫臨萬國内通外流水行于地本性和柔先王制禮以親諸侯元永貞吉百事无憂,有孚比之无咎有孚盈缶終來有他吉,比之自內貞吉,比之匪人,外比之貞吉,顯比王用三驅失前禽邑人不誡吉,比之无首凶,,缺 — 文本未見,八宮規則推導
兌為澤,兌爲澤,兌,兌,35723,兌者恱也澤潤萬物恩惠兆民居上愛下恱而欣欣利有攸往无不亨貞,和兖吉,孚兊吉悔下,來兊凶,商兊未寍介疾有喜,孚于剝有厲,引兌兌上,,缺 — 文本未見,八宮規則推導
澤水困,困,兌,坎,35745,困者危也水在澤下萬物不生君子困窮小人濫盈三山幽谷向暗背明占者有難守而勿爭,臀困于株木入于幽谷三歲不覿,困于酒食朱𥿈方來利用享祀征凶无咎,困于石據于蒺藜人于其宮不見其妻凶,來徐徐困于金車吝有終,劓刖困于赤𥿈乃徐有說利用祭祀,困于葛藟于臲卼曰動悔有悔貞吉兌上,,缺 — 文本未見,八宮規則推導
澤地萃,萃,兌,坤,35766,萃者聚也內外喜悅上下俱柔萬事蕃息利祿悠悠求謀有濟解釋憂愁,有孚不終乃亂乃萃若號一握爲笑勿恤往无咎,引吉无咎孚乃利用禴,萃如嗟如无攸利往无咎小吝,大吉无咎,萃有位无咎匪孚元永貞悔亡,齎咨涕洟无咎兌上,,缺 — 文本未見,八宮規則推導
澤山咸,咸,兌,艮,35788,咸者感也天地感應萬物和平男女感應夫婦康寧感應之事无有不亨,咸其拇,咸其腓凶居吉,咸其股執其隨往吝,貞吉悔亡憧憧往來朋從爾思,咸其脢咸无悔,其輔頰舌坎上,,缺 — 文本未見,八宮規則推導
水山蹇,蹇,坎,艮,35809,蹇者艱也利往西南不利東北向暗背明多有壅塞求事未遂尚多疑惑,往蹇來譽,王臣蹇蹇匪躬之故,往蹇來反,往蹇來連,大蹇朋來,往蹇來碩吉利見大人坤上,,缺 — 文本未見,八宮規則推導
地山謙,謙,坤,艮,35833,謙者退也謙而受益滿而受虧謙謙君子尊人自卑利用謙遜萬事无違,謙謙君子用涉大川吉,鳴謙貞吉,勞謙君子有終吉,无不利撝謙,不富以其鄰利用侵伐无不利,鳴謙利用行師征邑國震上,,缺 — 文本未見,八宮規則推導
雷山小過,小過,震,艮,35854,小過過也飛島翩翩音徹于天進則有咎退則无愆多憂過失疾病相纒出入不利必有迍澶,飛烏以凶,過共祖遇其妣不及其君遇其臣无咎,弗過防之從或𢦤之凶,无咎弗過遇之往厲必戒勿用永貞,密雲不雨自我西郊公弋取彼在穴,弗遇過之飛烏離之凶是謂災眚震上,,缺 — 文本未見,八宮規則推導
雷澤歸妹,歸妹,震,兌,35875,歸妹大也歸妹未吉其道將窮天地不交閉塞不通有殃有咎无始无終所作不順必見其凶,歸妹以娣跛能履征吉,眇能視利幽人之貞,歸妹以須及歸以娣,歸妹愆期遲歸有時,帝乙歸妹其君之袂不如其娣之袂良月幾望吉,女承筐无實士刲羊无血无攸利附納甲法其法皆自下而上乾戌申午辰寅子坎子戍申午辰寅巳上四宫皆屬陽皆艮寅子戌申午辰震戌申午辰寅子用陽支順輪巽卯巳未西亥丑離巳未西亥丑卯巳上四宫皆屬陰皆坤西亥丑卯巳未兌未酉亥丑卯巳用陰支逆轉┌─ 歌曰歌曰乾金甲子外壬午坎水戊寅外戊申艮土丙辰外丙戌震木庚子庚午臨巽木辛丑幷辛未離火巳卯巳酉𢑗坤士乙未加癸丑兌金丁巳丁亥憑┌─ 附六神起位附六神起位亦自下而上如納甲法,,缺 — 文本未見,八宮規則推導
