日辰,書色,道數,用法,影像URL,符形描述（不可文本化）
子日,黑書,一道,貼門，又戴（之）,https://www.genspark.ai/api/files/s/KF6t9hBD,符身左右对称：上部横叠折线，下折回折，右下内含空心三角；背透反印
丑日,黑書,一道,戴之,https://www.genspark.ai/api/files/s/YX2bZUrp,外有厂形悬挑框，内并列两个变体「鬼」字，下部横折叠线与双竖，右下空心圆点
寅日,黑書,一道,男戴、女貼牀,https://www.genspark.ai/api/files/s/nZ08trvZ,上部多层横折回纹，中向左下伸出长撇包框，内左梳齿短划、右方格与悬针弯钩
卯日,丹書,一道,貼門,https://www.genspark.ai/api/files/s/e7dmxASk,上并两个内带横划的椭圆日纹，下大包围框，左小日纹与曲折线，右十字网格加两个横椭圆
辰日,黑書,一道,貼門內,https://www.genspark.ai/api/files/s/lqFbkSsq,顶两组横框，左立式竖直密格梳齿，右上下两组方格与直折回折线，末笔带小椭圆圈
巳日,黑書,一道,貼壁,https://www.genspark.ai/api/files/s/TifgTSkn,上半对称横折平行栏纹，下半左纵叠三个内横划圆椭、右田/鬼变体加下垂平横格
午日,黑書,一道,貼南壁,https://www.genspark.ai/api/files/s/TMRDpv4R,厂字头大外框，内并列两组：上各双重田字格矩阵，中土/凸形横折，下各伸腿足内包空心水滴圈
未日,黑書,二道,戴之,https://www.genspark.ai/api/files/s/leFrAGeQ,门形覆罩，左竖长梳齿/日目重叠，右「田」「士」「儿」变体构件
申日,丹書,未載,貼壁・男左女右,https://www.genspark.ai/api/files/s/NtvIKAxV,符头并排二矩形框下接横折，身左竖排三个日字，右并排两田形，下曲折雷纹与圆弧勾脚
酉日,黑書,一道,戴之,https://www.genspark.ai/api/files/s/VH2KHZja,回纹云头起笔，深长外框内网格「田」与连续曲折足状线条
戌日,黑書,一道,貼西壁,https://www.genspark.ai/api/files/s/fUbnIxyb,左并排纵列日、日、月形结构，右匚包臣/田形加曲折雷符、勾折足
亥日,丹書,一道,安竈中,https://www.genspark.ai/api/files/s/Gzvm8VYV,双「門」头篆框下覆罩，身左梳齿密格横划，右「麗」字/鬼煞云篆变体，下收尖足勾弯
