节点号	起行	止行	节名
1	13	279	夢林玄解叙
2	280	313	夢林玄解小引
3	314	366	夢占類考序
4	367	411	夢林玄解凡例
5	412	459	稚川葛仙翁傳略
6	460	468	夢林玄解分集目錄
7	469	474	夢 占
8	475	480	夢 禳
9	481	486	夢 原
10	487	494	夢 徵
11	495	498	夢林玄解總目錄
12	499	528	卷之首
13	529	538	卷之一
14	539	550	卷之二
15	551	562	卷之三
16	563	572	卷之四
17	573	584	卷之五
18	585	596	卷之六
19	597	606	卷之七
20	607	618	卷之八
21	619	632	卷之九
22	633	642	卷之十
23	643	654	卷之十一
24	655	666	卷之十二
25	667	678	卷之十三
26	679	690	卷之十四
27	691	702	卷之十五
28	703	714	卷之十六
29	715	726	卷之十七
30	727	738	卷之十八
31	739	748	卷之十九
32	749	758	卷之二十
33	759	768	卷之二十一
34	769	780	卷之二十二
35	781	792	卷之二十三
36	793	835	卷之二十四
37	836	850	卷之二十五
38	851	867	卷之二十六
39	868	893	卷之二十七
40	894	943	卷之二十八
41	944	966	卷之二十九
42	967	983	卷之三十
43	984	994	卷之三十一
44	995	1011	卷之三十二
45	1012	1038	卷之三十三
46	1039	1069	卷之三十四
47	1070	1073	夢林玄解卷之首
48	1074	1078	占繇
49	1079	1098	觀天地之會
50	1099	1113	辨二氣之乘
51	1114	1129	審三辰之象
52	1130	1136	貴賤有别
53	1137	1147	邪正有分
54	1148	1160	吉凶有概
55	1161	1170	敬肆有端
56	1171	1185	夢變
57	1186	1197	夢寄
58	1198	1212	夢有不占占有不驗
59	1213	1221	夢無晝夜必有吉凶
60	1222	1230	怪異無占尋常有驗
61	1231	1241	仙神靈秘未可妄占
62	1242	1418	玉璅煇遺
63	1419	1424	夢林玄解卷之一
64	1425	1431	夢占
65	1432	1857	○○○天類
66	1858	2444	○○○日月
67	2445	2579	○○○星斗
68	2580	2583	夢林玄解卷之二
69	2584	2590	夢占
70	2591	2903	○○○風雲
71	2904	3282	○○○雷雨
72	3283	3329	○○○霞電
73	3330	3360	○○○虹霓
74	3361	3434	○○○霧露
75	3435	3614	○○○霜雪
76	3615	3687	○○○氷雹
77	3688	3789	○○○烟火
78	3790	3856	○○○時令
79	3857	3860	夢林玄解卷之三
80	3861	3871	夢占
81	3872	4126	○○○地土
82	4127	4624	○○○山水
83	4625	4679	○○○巖石
84	4680	4760	○○○河江
85	4761	4805	○○○湖海
86	4806	5067	○○○城市
87	5068	5321	○○○橋路
88	5322	5567	○○○田園
89	5568	5690	○○○墳墓
90	5691	5694	夢林玄解卷之四
91	5695	5701	夢占
92	5702	6093	○○○帝王類
93	6094	6264	○○○聖賢
94	6265	7581	○○○將相
95	7582	7585	夢林玄解卷之五
96	7586	7593	夢占
97	7594	7716	○○○后𡚱類
98	7717	7745	○○○賢德類
99	7746	7812	○○○節孝類
100	7813	7903	○○○才俠類
101	7904	7933	○○○寵嬖類
102	7934	7974	○○○悍妬類
103	7975	8005	○○○淫奔類
104	8006	8058	○○名妓類
105	8059	8655	○○○佛仙類
106	8656	9144	○○○神鬼類
107	9145	9148	夢林玄解卷之六
108	9149	9156	夢占
109	9157	9467	○○○彛倫類
110	9468	9529	○○○民庻類
111	9530	9641	○○○術技類
112	9642	9717	○○○夷蠻類
113	9718	9824	○○○優妓類
114	9825	9886	○○○奴𨽾類
115	9887	9933	○○○老幼類
116	9934	9981	○○○男女類
117	9982	9985	夢林玄解卷之七
118	9986	9992	夢占
119	9993	10281	○○○身體類
120	10282	10571	○○○頭額類
121	10572	10622	○○○䪿腦類
122	10623	10881	○○○面目類
123	10882	11095	○○○耳鼻類
124	11096	11099	夢林玄解卷之八
125	11100	11106	夢占
126	11107	11275	○○○睂髪
127	11276	11332	○○○顴顋
128	11333	11568	○○○口齒
129	11569	11651	○○○唇舌
130	11652	11724	○○○鬚鬂
131	11725	11828	○○○喉項
132	11829	11898	○○○皮毛
133	11899	12160	○○○手足
134	12161	12227	○○○筋骨
135	12228	12231	夢林玄解卷之九
136	12232	12238	夢占
137	12239	12348	○○○肩脇類
138	12349	12505	○○○腹背類
139	12506	12600	○○○乳臍類
140	12601	12672	○○○腰腎類
141	12673	12845	○○○心胸類
142	12846	12902	○○○臓腑類
143	12903	12982	○○○腸胃類
144	12983	13060	○○○肺肝類
145	13061	13124	○○○陽臀類
146	13125	13157	○○○陰谷類
147	13158	13309	○○○精血類
148	13310	13388	○○○汗氣類
149	13389	13400	○○○𦜶胱類
150	13401	13428	○○○魂魄類
151	13429	13553	○○○尿糞類
152	13554	13557	夢林玄解卷之十
153	13558	13561	夢占
154	13562	14412	政事部一
155	14413	14416	夢林玄解卷之十一
156	14417	14423	夢占
157	14424	14560	○○○疾疫
158	14561	14632	○○○火盗
159	14633	14708	○○○恩仇
160	14709	14775	○○○殺鬥
161	14776	14817	○○○毆詈
162	14818	14914	○○○刑獄
163	14915	15052	○○○䘮塟
164	15053	15121	○○○祝享
165	15122	15230	○○○酬酢
166	15231	15342	○○○起居
167	15343	15346	夢林玄解卷之十二
168	15347	15353	夢占
169	15354	15577	○○○舟檝
170	15578	15734	○○○車輛
171	15735	15949	○○○文墨
172	15950	16122	○○○武械
173	16123	16205	○○○符笏
174	16206	16319	○○○鹵簿
175	16320	16348	○○○刑罰
176	16349	16401	○○○幡幢
177	16402	16405	夢林玄解卷之十三
178	16406	16412	夢占
179	16413	16880	○○○家俠
180	16881	16906	○○○茶具
181	16907	16998	○○○飮
182	16999	17097	○○○爨具
183	17098	17164	○○○店具
184	17165	17232	○○○行李
185	17233	17292	○○○雨具
186	17293	17372	○○○牧具
187	17373	17412	○○○網𦊟
188	17413	17571	○○○農具
189	17572	17575	夢林玄解卷之十四
190	17576	17583	夢占
191	17584	17648	○○○蠶桑
192	17649	17775	○○○機杼類
193	17776	17977	○○○工作
194	17978	18388	○○○梳籹
195	18389	18490	○○○聘嫁
196	18491	18544	○○○䘮禮
197	18545	18622	○○○祭器
198	18623	18906	○○○樂器
199	18907	18910	夢林玄解卷之十五
200	18911	18917	夢占
201	18918	19087	○○○殿宫
202	19088	19182	○○○臺閣
203	19183	19224	○○○宦署
204	19225	19550	○○○第宅
205	19551	19586	○○○倉庫
206	19587	19644	○○○苑囿
207	19645	19686	○○○關陲
208	19687	19706	○○○囹圄
209	19707	19874	○○○神宇
210	19875	19878	夢林玄解卷之十六
211	19879	19885	夢占
212	19886	20105	○○○冠冕類
213	20106	20442	○○○衣衫類
214	20443	20505	○○○裘甲類
215	20506	20633	○○○舄履類
216	20634	20649	○○○衾枕類
217	20650	20670	○○○褥毯類
218	20671	20690	○○○帳幃類
219	20691	20730	○○○巾帶類
220	20731	20755	○○○囊帕類
221	20756	20797	○○○環釵類
222	20798	20801	夢林玄解卷之十七
223	20802	20808	夢占
224	20809	20897	○○○泉茗
225	20898	21054	○○○酒漿
226	21055	21197	○○○五榖
227	21198	21468	○○○蔬菓
228	21469	21688	○○○餚饌
229	21689	21919	○○○雜物
230	21920	21923	夢林玄解卷之十八
231	21924	21930	夢占
232	21931	22092	○○○樹木類
233	22093	22266	○○○植木
234	22267	22383	○○○菓樹類
235	22384	22421	○○○荆薇類
236	22422	22841	○○○草花
237	22842	22891	○○○竹荻
238	22892	22981	○○○水產
239	22982	23029	○○○柴薪類
240	23030	23033	夢林玄解卷之十九
241	23034	23040	夢占
242	23041	23232	○○○四靈
243	23233	23700	○○○百獸
244	23701	24263	○○○六畜
245	24264	24267	夢林玄解卷之二十
246	24268	24274	夢占
247	24275	24675	○○○羽族
248	24676	24922	○○○水族
249	24923	25611	○○○昆蟲
250	25612	25615	夢林玄解卷之二十一
251	25616	25622	夢占
252	25623	26112	○○○金銀
253	26113	26397	○○○珠玉
254	26398	26514	○○○錢鐵
255	26515	26681	○○○珍寳
256	26682	26685	夢林玄解卷之二十二
257	26686	26692	夢占
258	26693	27206	○○○書籍類
259	27207	27333	○○○經卷類
260	27334	27356	○○○史傳類
261	27357	27518	○○○佛老類
262	27519	27694	○○○詩詞類
263	27695	27872	○○○字畫類
264	27873	27876	夢林玄解卷之二十三
265	27877	27883	夢占
266	27884	28203	○○○名姓
267	28204	28234	○○○奇名
268	28235	28312	○○○異姓
269	28313	28419	○○○定數
270	28420	28544	○○○報應
271	28545	28705	○○○𣛜驗
272	28706	28775	夢禳叙言
273	28776	28851	夢林玄解卷之二十四目錄
274	28852	28855	夢林玄解卷之二十四
275	28856	29313	夢占
276	29314	31805	夢林玄解卷之二十五
277	31806	34416	夢林玄解卷之二十六
278	34417	34449	夢林玄解卷之二十七目錄
279	34450	34455	夢林玄解卷之二十七
280	34456	34459	夢禳
281	34460	34478	○舍萌贈夢說
282	34479	34494	○感夢脩省說
283	34495	35920	○省夢須占易象說
284	35921	35926	歌曰
285	35927	35948	附六神起位
286	35949	35960	六神賦
287	35961	35976	卜易總略
288	35977	36003	論六親
289	36004	36025	占夢篇
290	36026	36031	論六親持世
291	36032	36041	論六爻出現伏藏
292	36042	36047	論日辰
293	36048	36053	論爻神
294	36054	36062	論德合刑冲尅旺墓空
295	36063	36071	德
296	36072	36079	合
297	36080	36085	六合
298	36086	36091	三合
299	36092	36097	十干合
300	36098	36116	刑
301	36117	36122	訣曰
302	36123	36134	冲
303	36135	36149	尅
304	36150	36163	旺
305	36164	36175	墓
306	36176	36184	空
307	36185	36190	旬中空
308	36191	36198	十干空
309	36199	36204	時中空
310	36205	36212	四生
311	36213	36218	四敗
312	36219	36224	四死
313	36225	36400	四絶
314	36401	36445	夢林玄解卷之二十八目錄
315	36446	36449	夢林玄解卷之二十八
316	36450	36453	夢禳
317	36454	36470	○寢室臥呪說
318	36471	36490	○臨臥諸忌說
319	36491	36514	○解辟惡夢符敇眞言說
320	36515	36544	○思三台厭惡夢呪說
321	36545	36567	○太上老君禳惡夢符呪
322	36568	36593	○絶三尸符呪辟夢說
323	36594	36629	○又備禳解惡夢諸法
324	36630	36648	○北帝呪說
325	36649	36673	○大道眞君解夢靑童口訣說
326	36674	36698	○虎枕安神辟夢說
327	36699	36711	○丹砂治惡夢說
328	36712	36718	○鵸䳜禦夢說
329	36719	36724	○麝枕辟夢說
330	36725	36732	○懷夢草說
331	36733	36739	○龜玆枕說
332	36740	36748	○何姑廟祈夢說
333	36749	36789	夢原引
334	36790	36922	夢林玄解卷之二十九目錄
335	36923	36928	夢林玄解卷之二十九
336	36929	36932	夢原
337	36933	36942	○○素問
338	36943	36950	○○靈樞經
339	36951	36968	○○周禮
340	36969	36974	○○周書泰誓
341	36975	36980	○○毛詩小雅斯干
342	36981	36986	○○毛詩小雅正月
343	36987	36992	○○孔氏
344	36993	37002	○○莊子
345	37003	37012	○○列子
346	37013	37018	○○荀子
347	37019	37026	○○淮南子
348	37027	37032	○○說苑
349	37033	37038	○○孔頴達
350	37039	37044	○○史記
351	37045	37052	○○漢書
352	37053	37058	○○衛樂
353	37059	37066	○○論衡
354	37067	37072	○○殷浩
355	37073	37078	○○王叔和
356	37079	37084	○○蕭方等
357	37085	37090	○○白居易
358	37091	37096	○○六書精藴
359	37097	37102	○○程子
360	37103	37110	○○朱子
361	37111	37116	○○黃庭堅
362	37117	37126	○○呂祖謙
363	37127	37132	○○輔廣
364	37133	37140	○○王晦叔
365	37141	37154	○○王潛夫
366	37155	37160	○○秦再思
367	37161	37166	○○倫道全
368	37167	37178	○○皆夢軒說
369	37179	37309	○○鏡玉子夢覺解
370	37310	37318	○○夢占逸㫖
371	37319	37324	○眞宰
372	37325	37330	○長柳
373	37331	37338	○衆占
374	37339	37348	○宗空
375	37349	37354	○聖人
376	37355	37368	○○感變
377	37369	37376	○天者
378	37377	37388	○日月
379	37389	37398	○雷雨
380	37399	37410	○山川
381	37411	37420	○形貌
382	37421	37432	○食衣
383	37433	37442	○器物
384	37443	37450	○財貨
385	37451	37460	○筆墨
386	37461	37468	○字畫
387	37469	37478	○科甲
388	37479	37496	○神怪
389	37497	37506	○壽命
390	37507	37516	○鳳鳥
391	37517	37528	○獸羣
392	37529	37538	○龍蛇
393	37539	37546	○龜魚
394	37547	37554	○草木
395	37555	37564	○施報
396	37565	37584	○泛喻
397	37585	37593	夢林玄解卷之三十
398	37594	37597	○○○天類
399	37598	37604	○上天
400	37605	37628	○天壓巳
401	37629	37640	○天與巳蘭
402	37641	37651	○捧巳上天
403	37652	37662	○自訴於天
404	37663	37671	○乘龍上天
405	37672	37683	○捫天
406	37684	37697	○天際有三人
407	37698	37708	○青氣燭天
408	37709	37717	○天門九重
409	37718	37725	○仰視天開
410	37726	37732	○天第十九子
411	37733	37741	○天中字
412	37742	37749	○天開數丈
413	37750	37759	○升天
414	37760	37773	○天風海濤
415	37774	37784	○名掛天曹
416	37785	37796	○大哥乘龍上天
417	37797	37811	○天命爾子宰相
418	37812	37819	○捧天者再
419	37820	37835	○天賜爾子
420	37836	37839	○○○日月類
421	37840	37846	○日月着身
422	37847	37854	○日入懷
423	37855	37865	○月入懷
424	37866	37879	○負日行
425	37880	37888	○月日入懷
426	37889	37895	○乘龍逐日
427	37896	37903	○抱日
428	37904	37910	○月墮懷
429	37911	37917	○日鬥
430	37918	37924	○日化爲龍
431	37925	37933	○日入室
432	37934	37940	○日出室内
433	37941	37948	○日入臍中
434	37949	37958	○車載日月
435	37959	37969	○吞日
436	37970	37976	○捧日授巳
437	37977	37983	○日光耀體
438	37984	37992	○日初出
439	37993	37999	○月中兒墮
440	38000	38007	○四日並出
441	38008	38018	○東南日光射身
442	38019	38028	○月花符名
443	38029	38037	○月常四五
444	38038	38041	○○○星斗類
445	38042	38049	○北斗墜殿
446	38050	38056	○履星而行
447	38057	38065	○星墜壓脚
448	38066	38074	○一大星
449	38075	38082	○長庚星入懷
450	38083	38089	○星入懷
451	38090	38099	○大星墜懷
452	38100	38109	○文昌星
453	38110	38123	○神授大星
454	38124	38130	○斗間氣傅體
455	38131	38134	○○○雲雨類
456	38135	38143	○朝雲暮雨
457	38144	38154	○赤彘雲中下
458	38155	38165	○雲化爲鳳
459	38166	38175	○空中凌雲而去
460	38176	38184	○持節雲中下
461	38185	38200	○彩雲靈鳳
462	38201	38210	○錦獅雲端下
463	38211	38220	○輕雲來掩
464	38221	38224	○○○雪風類
465	38225	38248	○掃雪迎宰相
466	38249	38258	○廬冒風雨
467	38259	38262	○○○雷電類
468	38263	38270	○大雷擊首
469	38271	38288	○當爲雷擊死
470	38289	38298	○虎啣雷公
471	38299	38306	○電光奪目
472	38307	38314	○雷電燭身
473	38315	38334	○大雷一聲
474	38335	38338	○○○虹烏類
475	38339	38346	○虹流華渚
476	38347	38353	○赤烏戲巳
477	38354	38363	○雙虹自門升天
478	38364	38374	○見虹飮水
479	38375	38386	○白光透臥榻
480	38387	38390	○○○氷火類
481	38391	38412	○氷上氷下
482	38413	38426	○火𤑔寢室
483	38427	38430	○○○山水類
484	38431	38439	○臼水東走
485	38440	38449	○水邊一女
486	38450	38461	○水有㟁爲州
487	38462	38475	○走馬上山
488	38476	38484	○山上掛𮈔
489	38485	38494	○洪水没都
490	38495	38512	○普告山水萬靈
491	38513	38520	○上北邙山
492	38521	38532	○水際得碑
493	38533	38546	○上山見道士運籖
494	38547	38553	○賜書泰山
495	38554	38562	○山花如錦
496	38563	38573	○小山流泉
497	38574	38583	○上高山
498	38584	38640	○戴斗登山
499	38641	38644	○○○河海類
500	38645	38655	○海水壞棺槨
501	38656	38664	○河水乾
502	38665	38672	○海上坐玉盆
503	38673	38679	○南處海濵明
504	38680	38683	○○○淵江類
505	38684	38691	○敗我濯龍淵
506	38692	38702	○江中沙石篆榴
507	38703	38713	○江水滿河
508	38714	38717	○○○井池類
509	38718	38730	○井水溢流庭下
510	38731	38739	○池塘春草
511	38740	38743	○○○城省類
512	38744	38760	○遊華胥國
513	38761	38774	○洛陽車騎
514	38775	38786	○巳出江東
515	38787	38796	○蝟攻鄴城
516	38797	38805	○人盡南渡
517	38806	38814	○滿城菜
518	38815	38822	○黃衣圍城
519	38823	38831	○金像飛越城外
520	38832	38848	○决城而覆
521	38849	38860	○南京放榜
522	38861	38864	○○○關塞類
523	38865	38875	○繇獨松關
524	38876	38885	○行塞下沙
525	38886	38889	○○○橋境類
526	38890	38906	○清水橋邊
527	38907	38931	○引登高境
528	38932	38935	○○○園地類
529	38936	38943	○神見後園
530	38944	38951	○以地來降
531	38952	38955	○○○墻㟁類
532	38956	38968	○墻崩無遺堵
533	38969	38980	○登㟁卜居
534	38981	38984	○○○坟墓類
535	38985	38994	○指導見墓
536	38995	39022	○以杖指墓
537	39023	39026	夢林玄解卷之三十一
538	39027	39030	夢徵
539	39031	40264	人物部
540	40265	40268	夢林玄解卷之三十二
541	40269	40276	夢徵
542	40277	40316	○○○身體類
543	40317	40426	○○○頭額類
544	40427	40453	○○○睂髪類
545	40454	40478	○○○面目類
546	40479	40508	○○○口鼻類
547	40509	40547	○○○齒舌類
548	40548	40586	○○○鬚毛類
549	40587	40671	○○○手足類
550	40672	40694	○○○背腹類
551	40695	40728	○○○腸胃類
552	40729	40855	○○○科第類
553	40856	40979	○○○官祿類
554	40980	41117	○○○壽算類
555	41118	41159	○○○婚姻類
556	41160	41185	○○○䘮塟類
557	41186	41233	○○○祭享類
558	41234	41313	○○○恩讐類
559	41314	41345	○○○酬酢類
560	41346	41407	○○○囑託類
561	41408	41411	夢林玄解卷之三十三
562	41412	41418	夢徵
563	41419	41475	○○○舟檝類
564	41476	41516	○○○車輛類
565	41517	41599	○○○武械類
566	41600	41644	○○○幡幢類
567	41645	41690	○○○祭器類
568	41691	41715	○○○樂器類
569	41716	41733	○○○印笏類
570	41734	41768	○○○家伙類
571	41769	41791	○○○梳籹類
572	41792	41796	○○○雨具類
573	41797	41815	○○○手舉一傘
574	41816	41839	○○○樓閣類
575	41840	41890	○○○屋舍類
576	41891	41924	○○○堂院類
577	41925	41953	○○○門梁類
578	41954	42015	○○○神宇類
579	42016	42020	冠裳部
580	42021	42150	○○○衮衣類
581	42151	42190	○○○衫甲類
582	42191	42217	○○○巾帶類
583	42218	42236	○○○衾褥類
584	42237	42269	○○○鞋靴類
585	42270	42327	○○○五穀類
586	42328	42352	○○○酒羮類
587	42353	42408	○○○藥劑類
588	42409	42475	○○○植木類
589	42476	42545	○○○草花類
590	42546	42563	○○○瓜菓類
591	42564	42599	○○○柴薪類
592	42600	42603	夢林玄解卷之三十四
593	42604	42607	夢徵
594	42608	43210	飛走部
595	43211	43248	夢微小引
