序,類,項目,原文（逐字）,行號
1,五臟虛實總則,虛實總則,五臓之元邪勝則實精奪則虚形諸夢魂或相生爲正爲吉或相尅爲逆爲凶從前來者爲實子傳母也從後來者爲虚母千子也,28905
2,五臟虛實總則,賊微判定,彼尅我爲賊我制彼爲微驗之生尅以定吉凶可也,28906
3,五臟虛實總則,顛倒紊亂,甚有顛倒紊亂幻恍莫倪者此必精神散雜氣血虚實所致又不可以五神傳見之常論爾,28903
4,五臟三夢,肝（木·春·震巽）,實則夢恚怒忿爭；虛則夢林木枯槁；平和則夢臺閣壯麗,28910
5,五臟三夢,心（火·夏·離）,實則夢大火燔灼瘡疽疼痛；虛則夢煙銷焰滅；平和則夢麗日融和燭光輝燿,28911
6,五臟三夢,肺（金·秋·乾兌）,實則夢戈矛閃爍；虛則夢照鑑無光；平和則夢金珠炫彩,28912
7,五臟三夢,腎（水·冬·坎）,實則夢洪濤洶湧；虛則夢水涸氷堅；平和則夢遊行水際煙雨霏微,28913
8,五臟三夢,脾（土·四季月及長夏·坤艮）,實則夢高陵大阜；虛則夢土坼山崩；平和則夢花堤柳陌坦道平沙,28914
9,收口與傳變,太過不及,占以太過不及爲凶順適爲吉也,28915
10,收口與傳變,相生相尅,正氣旺是相生相生者爲吉爲休客邪勝是相尅相尅者爲凶爲悔,28871
11,收口與傳變,吉處藏凶,或者從脾入心忽從心而及肺神之所屬是爲吉處藏凶餘可例推,28886
12,收口與傳變,凶中藏吉,或者從脾達腎忽而腎神所形轉入肝夢所屬是爲凶中藏吉餘可例推,28891
13,收口與傳變,泥丸宮,凡魂夢所形必竅自泥丸宮以爲五神出入之穴也,28893
