序,讀圖題名,校本目錄題名,校本行號,判定
28,五神傳夢吉圖,五神傳夢吉圖,28785,一致
29,五神傳夢凶圖,五神傳夢凶圖,28787,一致
30,五神環傳夢吉圖,五神環傳夢吉圖,28789,一致
31,五神環傳夢凶圖,五神環傳夢凶圖,28791,一致
32,五神傳夢吉藏凶圖,五神傳夢吉藏凶圖,28793,一致
33,五神傳夢凶藏吉圖,五神傳夢凶藏吉圖,28795,一致
34,五神變傳夢吉圖,五神變傳夢吉圖,28797,一致
35,五神變傳夢凶圖,五神變傳夢凶圖,28799,一致
36,五神混傳迭化吉凶方圖,五神混傳迭化吉凶方圖,28801,一致
37,五神混傳迭化吉凶圓圖,五神混傳迭化吉凶圓圖,28803,一致
38,五神因夢配五行圖,五神因夢配五行圖,28805,一致
39,五神乘夢配八卦圖,五神乘夢配八卦圖,28807,一致
40,陽氣盛極發夢圖,陽氣盛極發夢圖,28829,一致
41,陰氣盛極發夢圖,陰氣盛極發夢圖,28831,一致
42,陽氣虛極轉夢圖,陽氣虚極轉夢圖,28833,一致
43,陰氣虛極轉夢圖,陰氣虚極轉夢圖,28835,一致
44,二氣盛衰傳夢圖,二氣盛衰傳夢圖,28837,一致
45,二氣虛實傳夢圖,二氣虚實傳夢圖,28839,一致
46,二氣俱盛見夢圖,二氣俱盛見夢圖,28841,一致
47,二氣俱虛見夢圖,二氣俱虚見夢圖,28843,一致
