序,圖題（逐字）,底注／圖內旁註,版心,結構（描述，不復原）,組,來源
1,劒訣式,—,不可辨（書口殘）,手印（劍訣）圖＋祥雲紋，非符形,卷28符式,https://www.genspark.ai/api/files/s/HVTdtzhd
2,三台訣式,符式圖左 計十道,夢禳,三台點書法訣：右點捻無名指／中點捻中指／左點捻食指,卷28符式,https://www.genspark.ai/api/files/s/UzVNbVML
3,魘天日風雨不祥之夢,—,—,三台點＋七星連線＋臺狀符身,卷28符式,https://www.genspark.ai/api/files/s/qQYhmxiP
4,魘山川橋路不祥之夢,—,夢林玄解／符式／夢禳,三台點＋三列三聯圓＋方格栅＋拱門（含鬼字）,卷28符式,https://www.genspark.ai/api/files/s/EP3bSbWT
5,魘人鬼仙佛不祥之夢,—,夢林玄解／卷二十八,三台點＋六圓斜交星圖＋門闕寬廓,卷28符式,https://www.genspark.ai/api/files/s/s3AZZgv9
6,魘服飾身體貌不祥之夢,—,夢林玄解／符式／夢禳,三台點＋三圓橫線＋田字格＋押煞符字,卷28符式,https://www.genspark.ai/api/files/s/1rAxatyP
7,魘房屋宅器皿不祥之夢,—,—,三台點＋十字星斗＋三口格＋門框,卷28符式,https://www.genspark.ai/api/files/s/uZDsD3lv
8,魘殺關刑獄不祥之夢,—,—,三台點＋放射星斗＋雙鬼耳＋中豎貫穿,卷28符式,https://www.genspark.ai/api/files/s/H91b0TSM
9,魘宴樂死喪不祥之夢,—,夢林玄解／卷二十八,三台點＋六星斗線＋九田字格＋回折台座,卷28符式,https://www.genspark.ai/api/files/s/zM6vKJxM
10,魘花果穀菜不祥之夢,—,—,三台點＋上圓懸筆＋鬼田格,卷28符式,https://www.genspark.ai/api/files/s/JPovXAhR
11,魘產孕財帛不祥之夢,—,—,三台點＋五星斗線＋交叉線,卷28符式,https://www.genspark.ai/api/files/s/Rg7KdWgD
12,魘水火盜賊不祥之夢,—,—,三台點＋三星弧線＋三行水火構件,卷28符式,https://www.genspark.ai/api/files/s/sP9TSyd7
13,子日符,黑書 貼門 又戴 一道,然消解回吉也 符十二道列於左方,三台點＋橫格門框＋雙足多折,卷28符式,https://www.genspark.ai/api/files/s/MeVq2v4A
14,丑日符,黑書 一道 戴之,—,三台點＋頂橫覆蓋＋雙鬼字,卷28符式,https://www.genspark.ai/api/files/s/AyHDOIjP
15,寅日符,黑書 一道 男戴 女貼牀,夢禳,三台點＋數重橫折＋門框鬼字,卷28符式,https://www.genspark.ai/api/files/s/cLZGmITh
16,卯日符,丹書 一道 貼門,—,三台點＋雙日格＋門框＋圓形鬼田,卷28符式,https://www.genspark.ai/api/files/s/zoxebuKo
17,辰日符,黑書 一道 貼門內,—,三台點＋橫門框＋長目格＋鬼字,卷28符式,https://www.genspark.ai/api/files/s/4IK4oz9R
18,巳日符,黑書 一道 貼壁,—,三台點＋左右橫柵＋三日格＋鬼字,卷28符式,https://www.genspark.ai/api/files/s/4ppjf382
19,午日符,黑書 一道 貼南壁,—,三台點＋門框內雙立柱＋四田格,卷28符式,https://www.genspark.ai/api/files/s/uflSRwVx
20,未日符,黑書 二道 戴之,—,三台點＋凸形橫格＋長目格＋鬼字,卷28符式,https://www.genspark.ai/api/files/s/NQbGSYI8
21,申日符,丹書 貼壁 男左 女右,—,三台點＋雙矩形符頭＋左三日右二田＋雷紋雲篆,卷28符式,https://www.genspark.ai/api/files/s/go5fe80x
22,酉日符,黑書 一道 戴之,—,三台點＋回紋雨頭＋網格田＋足狀線,卷28符式,https://www.genspark.ai/api/files/s/0MYWpqOy
23,戌日符,黑書 一道 貼西壁,—,三台點＋左「日日月」＋右匚包臣田＋雷符勾足,卷28符式,https://www.genspark.ai/api/files/s/32Q4r9de
24,亥日符,丹書 一道 安竈中,—,三台點＋雙門頭篆框＋梳齒橫劃＋雲篆,卷28符式,https://www.genspark.ai/api/files/s/Vn5GTm6c
25,斬上尸三蟲之符,—,—,平橫簷＋門形單邊框＋田格屈曲,卷28符式,https://www.genspark.ai/api/files/s/yfa9Ibjy
26,斬中尸三蟲之符,—,—,兩端微挑＋層階折轉框＋內橫格波紋,卷28符式,https://www.genspark.ai/api/files/s/BcS8pJLV（用戶本輪截圖）
27,斬下尸三蟲之符,—,—,兩端微挑＋多層直橫折角＋底波浪形,卷28符式,https://www.genspark.ai/api/files/s/eX0hlUN2
28,五神傳夢吉圖,圖旁註「五臟之神發於夢寐，各有所屬事物，臚列圖後以便審察」（末二字舊讀「曚列」，二讀存疑）,（未見）,脾→肺→腎→肝→心 五環縱列相連,五藏組,https://www.genspark.ai/api/files/s/jfozd3kD
29,五神傳夢凶圖,—,夢林玄解／圖說／夢占（卷次二字殘不可辨）,脾→腎→心→肺→肝 五環縱列,五藏組,https://www.genspark.ai/api/files/s/6urhJNut
30,五神環傳夢吉圖,—,（未見）,肝(上雙圈)、心(右上)、脾(右下)、肺(左下)、腎(左)；腎—肝間雙環交連,五藏組,https://www.genspark.ai/api/files/s/cqryTJ2p
31,五神環傳夢凶圖,—,（未見）,肺(上雙圈)、肝(右上)、脾(右下)、腎(左下)、心(左)；心—肺間雙環套接,五藏組,https://www.genspark.ai/api/files/s/7k9AFyyI
32,五神傳夢吉藏凶圖,右上斜題四字大字（「凶藏」／「藏凶」二讀，存疑）,夢林玄解／圖說／夢（卷次殘）,中央脾雙圈；上心、左肝、下腎、右肺；脾—肺雙環連結,五藏組,https://www.genspark.ai/api/files/s/mjmFaDiG
33,五神傳夢凶藏吉圖,左下斜向大字「藏吉」（吉字填實，存疑）,圖說／夢（殘）,中央脾雙圈；上心、右肺、下肝、左腎；脾—肝、脾—腎雙環交接,五藏組,https://www.genspark.ai/api/files/s/sXokyJ7r
34,五神變傳夢吉圖,底部葫蘆雙圈「泥」「丸」,（未見）,五角星形互連：左心、右腎、右下肺、中央脾、左下肝(雙圈)＋泥丸,五藏組（含泥丸宮元件）,https://www.genspark.ai/api/files/s/7pU85bF6
35,五神變傳夢凶圖,底部葫蘆雙圈「泥」「丸」,（未見）,五角互連：左肝、右上肺(雙圈)、中央脾、左下心、右下腎＋泥丸,五藏組（含泥丸宮元件）,https://www.genspark.ai/api/files/s/5jNVbOhf
36,五神混傳迭化吉凶方圖,—,夢林玄解／卷二十四／圖說／夢占（卷次磨損；依同組序37、47 同葉序列推為卷二十四，屬推斷非直讀）,5×5＝25 圓節點方陣，中央節點黑底白字「肝」；每行每列皆含肝腎肺脾心各一次（拉丁方）,五藏組,/home/user/j28/media/image36.png（docx 內嵌，本輪實核）
37,五神混傳迭化吉凶圓圖,螺旋軌道旁註小字（逐字未定，二讀並存：甲「被乘尅／復來生／復尅」；乙「彼來剋／彼來生／復疊聚／自剋」）,夢林玄解／卷二十四／圖說／夢占,雙重向心螺旋；中央實心黑圈白字「肝」，沿螺旋分布五藏圓節點反覆循環,五藏組,/home/user/j28/media/image37.png（docx 內嵌，本輪實核）
38,五神因夢配五行圖,脾土四字（因果、沙、塵、霧、殃）舊讀存疑，待核,圖說／夢（殘）,同心圓四方＋中央：肝木春青東「風、衣服、屈伏、禦車」｜心火夏赤南「燔煬、晴、捕捉、畏懼」｜脾土「因果、沙、塵、霧、殃（存疑）」｜肺金秋白西「陰、凍冷、殺戮、搬運」｜腎水冬黑北「雨、溺沒、行走、駕舟」,五藏組,https://www.genspark.ai/api/files/s/Z9IvyJp6
39,五神乘夢配八卦圖,—,（未見）,中宮「脾」放射曲線連八卦與五臟：離上心、坤右上、兌右肺、乾右下、坎下腎、艮左下、震左肝、巽左上,五藏組,https://www.genspark.ai/api/files/s/T60aCE9P
40,陽氣盛極發夢圖,底圈白地黑字「陽」＋泥丸＋白色漏斗氣團，中畫黑火焰苗,（未見）,下→上：陽圈→泥丸→氣脈→白光明氣團＋火苗,二氣組,https://www.genspark.ai/api/files/s/8Am8f63K
41,陰氣盛極發夢圖,底圈黑地白字「陰」＋泥丸＋黑陰氣團，團內白地水波圓（水象⇒盛）,（未見）,下→上：陰圈→泥丸→曲折黑脈→黑氣團＋水波紋,二氣組,https://www.genspark.ai/api/files/s/9gKU1cm7
42,陽氣虛極轉夢圖,底圈白地黑字「陽」＋葫蘆雙圈「泥」「丸」＋波浪雙線脈管上展成 V 形；頂端黑底圓內白線水波紋（波涛）,圖說／夢占（卷次殘不可辨）,下→上：陽圈→泥丸→波浪脈管→V 形氣廓→黑圓水波象,二氣組,/home/user/j28/media/image42.png（docx 內嵌，本輪實核）
43,陰氣虛極轉夢圖,底圈黑地白字「陰」＋泥丸＋黑氣團，團內白色飛焰火形（火象⇒虛）,（未見）,下→上：陰圈→泥丸→細黑曲折管道→黑氣團＋白焰,二氣組,https://www.genspark.ai/api/files/s/rwO633gt
44,二氣盛衰傳夢圖,雙圖並列：左底圈「陰衰」、右底圈「陽盛」，各接泥丸,（未見）,左：陰衰→泥丸→黑雲＋水波圓瀉白水｜右：陽盛→泥丸→白氣團＋黑火苗,二氣組,https://www.genspark.ai/api/files/s/OrOywEKm
45,二氣虛實傳夢圖,雙圖並列：左底圈「陰實」、右底圈「陽虛」，各接泥丸,（未見）,左：陰實→黑波線→倒錐黑氣團＋水浪紋｜右：陽虛→雙細線→淡描火焰,二氣組,https://www.genspark.ai/api/files/s/iwvKYuvr
46,二氣俱盛見夢圖,底部太極雙魚圓＋泥丸,夢占（殘）,太極→泥丸→左黑氣團畫持雙刀武士／右白氣團畫甲胄持劍武士,二氣組,https://www.genspark.ai/api/files/s/d3COZXR0
47,二氣俱虛見夢圖,底部太極雙魚圓（各帶一小圓點）＋葫蘆雙圈「泥」「丸」,夢林玄解／卷二十四／圖說／夢占,太極→泥丸→左：濃墨黑氣雲内白圓，繪正面袍服神人立像；右：單線白氣雲内圓，繪黑衣側立拱揖狀神人,二氣組,/home/user/j28/media/image47.png（docx 內嵌，本輪實核）
