行鍵,欄,底本(北大藏本冊十五),校本行號,判定,校本原文
"春季夢","天","青亮","","校本未見（存疑）",""
"春季夢","日","東升","29323","見於校本（行鍵待核）","東升吉，入懷"
"春季夢","日","遶屋","29327","見於校本（行鍵待核）","遶屋"
"春季夢","月","入懷","2271","見於校本（行鍵待核）","月入懷大吉"
"春季夢","星","大而明朗","29325","見於校本（行鍵待核）","大而明朗，"
"夏季夢","天","文彩","5547","見於校本（行鍵待核）","    占池中仙種水面靈花鮮妍文彩之曰象士人夢此占鰲頭奪錦標也"
"夏季夢","日","西墜","29333","見於校本（行鍵待核）","西墜凶。"
"夏季夢","日","紅光射","29334","同（行鍵相符）","夏季夢高吉，紅光射"
"夏季夢","月","照戶","2530","見於校本（行鍵待核）","三星照戶大吉"
"夏季夢","星","光芒","1119","見於校本（行鍵待核）","五星同舍曰合變爲妖星曰散寸以内光芒相及曰犯居其宿曰守相冒而過"
"秋季夢","天","紅霞","29339","見於校本（行鍵待核）","紅霞"
"秋季夢","天","白","181","見於校本（行鍵待核）","神於白日，昏"
"秋季夢","天","洞見帝庭","29347","見於校本（行鍵待核）","洞見帝庭，"
"秋季夢","日","西出","19782","見於校本（行鍵待核）","    先王以神道設教而天下服政教懈弛有司失其傳而亂將作孔子適周問禮于老子曰老子其猶龍乎老子西出関授関尹道德經秦火之變得其傳者鮮焉天師張道陵"
"秋季夢","日","墜身","29352","見於校本（行鍵待核）","墜身吉，昏暗"
"秋季夢","月","昏暗","17983","見於校本（行鍵待核）","    鏡如滿月諸事分明鏡若蒙塵事須整飭鏡如昏暗將有磨難好鏡跌破分離之符缺鏡重圓夫妻會聚大抵夢鏡明亮光曜者吉破損昏黑者凶訟得理名前列覔利空姻"
"秋季夢","月","稀朗","29354","見於校本（行鍵待核）","稀朗吉。"
"秋季夢","星","吞入口","29341","見於校本（行鍵待核）","吞入口。"
"秋季夢","星","流遷","29346","見於校本（行鍵待核）","    主西鄰有華文彩，得財，貴女流遷移。"
"秋季夢","星","零落","21954","見於校本（行鍵待核）","    占風吹𣗳木𢳸撼傾危之象也夢此者主有不測曰之禍震動先靈子孫零落非小災患之兆也"
"秋季夢","星","亂擲經天","29357","見於校本（行鍵待核）","亂擲經天，"
"冬季夢","天","赤氣偏覆","","校本未見（存疑）",""
"冬季夢","天","衡山復起","","校本未見（存疑）",""
"冬季夢","天","霞光滿","29367","見於校本（行鍵待核）","霞光滿"
"冬季夢","日","捧入懷","29371","見於校本（行鍵待核）","捧入懷，"
"冬季夢","日","昏暗","17983","見於校本（行鍵待核）","    鏡如滿月諸事分明鏡若蒙塵事須整飭鏡如昏暗將有磨難好鏡跌破分離之符缺鏡重圓夫妻會聚大抵夢鏡明亮光曜者吉破損昏黑者凶訟得理名前列覔利空姻"
"冬季夢","月","明照","14146","見於校本（行鍵待核）","    歸誠觀世音不替時所坐牀帷下忽見人跨戶而入足趺金色光明照屋泰乃搴帷遽視奄然而滅驚喜交集因流汗遍體所患頓差"
"冬季夢","月","赤烈","29369","見於校本（行鍵待核）","赤烈"
"冬季夢","星","流移","29375","見於校本（行鍵待核）","流移。"
"春分夢","天","門開","1652","見於校本（行鍵待核）","天門開大吉"
"春分夢","日","兩關","","校本未見（存疑）",""
"春分夢","月","殘缺","18511","見於校本（行鍵待核）","    應試夢解木造棺高捷首名○求材夢合棺入殮占得獲大利○病者夢之壽增一紀○家有衰病者曰而人夢之不祥○孕育夢之生貴子○爭訟夢之必勝○夢造棺殘"
"春分夢","星","移","1168","見於校本（行鍵待核）","故夢之妖瑞視乎其人之德不德召感幾微轉移呼吸不可不愼豈執經而論哉"
"秋分夢","天","慘淡","29383","見於校本（行鍵待核）","慘淡"
"秋分夢","月","無光","1121","見於校本（行鍵待核）","日月無光曰薄𧇊毁爲食日旁祲氣曰暈將食先黑曰適形如背字曰背"
"秋分夢","星","移亂","29393","見於校本（行鍵待核）","移亂，"
"夏至夢","天","白色","1685","見於校本（行鍵待核）","    或黑白色者不爲佳兆"
"夏至夢","天","赤霞起","29395","見於校本（行鍵待核）","赤霞起"
"夏至夢","日","落地","2118","見於校本（行鍵待核）","射日落地"
"夏至夢","月","酒食","1527","見於校本（行鍵待核）","    占此夢功名商賈交易宅舍酒食謀事田土曰婚姻諸事皆吉孕婦夢此必產麒麟之子"
"夏至夢","星","瑣碎","","校本未見（存疑）",""
"冬至夢","天","上登","1490","見於校本（行鍵待核）","天上登天貞吉"
"冬至夢","天","陰霧","29403","見於校本（行鍵待核）","陰霧，"
"冬至夢","月","密","25801","見於校本（行鍵待核）","    秋閨少婦有餘思密線牢縫慈母倚閭頻眄望得占此夢者平生未遇將有奇逢病久不痊將逢醫聖曰商賈利于遊遠行人尚見遲遲功名考試主司如針芥相投"
"冬至夢","星","光散而大","29405","見於校本（行鍵待核）","光散而大，"
"甲乙日夢","天","蒼色","29423","同（行鍵相符）","甲乙日夢蒼色"
"甲乙日夢","日","西墜","29333","見於校本（行鍵待核）","西墜凶。"
"甲乙日夢","月","暗","1519","見於校本（行鍵待核）","    占玄中之玄明光洞達當有棄暗投明曰之喜名利漸通官訟得白病者將瘥"
"甲乙日夢","星","大而燦朗","29427","見於校本（行鍵待核）","大而燦朗"
"丙丁日夢","天","開眼","1697","見於校本（行鍵待核）","天開眼大吉"
"丙丁日夢","日","沉水","1950","見於校本（行鍵待核）","日沉水底"
"丙丁日夢","月","缺","236","見於校本（行鍵待核）","秘書三策，人間久缺，汝敬珍之，可以立名，毋𡚶泄𤼵，授之匪人，徒被"
"丙丁日夢","月","照戶","2530","見於校本（行鍵待核）","三星照戶大吉"
"丙丁日夢","星","布列","1798","見於校本（行鍵待核）","    曰觀日月星辰朗朗布列者主帝王英睿文明聖哲之君在位治世也"
"戊己日夢","天","壓地","29440","見於校本（行鍵待核）","戊巳日夢壓地"
"戊己日夢","天","逐身","29442","見於校本（行鍵待核）","逐身"
"戊己日夢","月","殞地","2487","見於校本（行鍵待核）","    星者尚書之位元氣之英殞地則散大臣當焉又"
"戊己日夢","星","移動","5408","見於校本（行鍵待核）","    占帷者羅象田間獵地夢此者不宜征戰不曰宜官訟不宜商不宜病不宜遷移動作也"
"庚辛日夢","天","黃色","22090","見於校本（行鍵待核）","    木呈五彩祥瑞異常光華𤼵達姓字顯揚得此兆文士名高天下商賈利𭣣四海有孕必定生男靑色則應在甲乙年月或在春從東方至；白色應在占庚辛年月或在秋"
"庚辛日夢","天","開裂","3914","見於校本（行鍵待核）","地開裂大凶"
"庚辛日夢","月","歪斜","29460","見於校本（行鍵待核）","歪斜"
"庚辛日夢","星","散落","17476","見於校本（行鍵待核）","    西京詩話曰王師伐金陵城將破或夢女子行空中以巨篩簁物散落如豆着地皆成人或云此當"
"壬癸日夢","天","昏黑","1480","見於校本（行鍵待核）","    乹象弗閉俄然劃開遊魂所遘奇瑞天來此爲貴占人遇時之象主得大財逢大貴兆應重新事無不曰泰也夢天開放彩者富貴之象萬倍尋常大吉○夢天高亮陽明顯"
"壬癸日夢","日","光照","2086","見於校本（行鍵待核）","日光照身吉"
"壬癸日夢","星","射戶入室","","校本未見（存疑）",""
"亥子日夢","天","登上","19099","見於校本（行鍵待核）","    占臺省載高之象夢登上者吉夢下之者曰凶仕宦之客宜靖共爾位以保其身"
"亥子日夢","日","昏黑","1480","見於校本（行鍵待核）","    乹象弗閉俄然劃開遊魂所遘奇瑞天來此爲貴占人遇時之象主得大財逢大貴兆應重新事無不曰泰也夢天開放彩者富貴之象萬倍尋常大吉○夢天高亮陽明顯"
"亥子日夢","月","明彩","29477","見於校本（行鍵待核）","明彩"
"亥子日夢","星","光明","1756","見於校本（行鍵待核）","    黃離元吉夢此者功名高顯利祿豐隆凡百事得占見光明洞達之象天心照人自揆方寸修德以應曰之文士即身被文光名譽彰著荷蒙天眷者"
"寅卯日夢","天","手捧","1716","見於校本（行鍵待核）","    韓魏公知泰州病數日忽夢以手捧天二次後援英宗于藩邸翼神宗于東宮定策兩朝乃應其兆"
"寅卯日夢","日","東昇紅絢","","校本未見（存疑）",""
"寅卯日夢","星","北斗見","","校本未見（存疑）",""
"寅卯日夢","星","青亮","","校本未見（存疑）",""
"巳午日夢","日","兩日竝出","29489","見於校本（行鍵待核）","兩日竝出，手捧"
"巳午日夢","星","紅赤","3350","見於校本（行鍵待核）","    占夢此兆者謀事阻隔壽命不長凡夢虹者曰以紅赤爲吉黑白爲凶斷者大不祥也"
