底本名物,底本頁,校本(04-changliu-wushen.csv)是否見,判定
"月","n110","見","已校（底本×校本同見）"
"雲","n110","見","已校（底本×校本同見）"
"虹霓","n110","見","已校（底本×校本同見）"
"霜雪","n110","見","已校（底本×校本同見）"
"露","n110","見","已校（底本×校本同見）"
"冰雹","n110","未見","校本未見（存疑）"
"水","n110","見","已校（底本×校本同見）"
"海","n110","見","已校（底本×校本同見）"
"江河","n110","見","已校（底本×校本同見）"
"女子","n110","見","已校（底本×校本同見）"
"老人","n110","見","已校（底本×校本同見）"
"夷人","n110","見","已校（底本×校本同見）"
"背","n110","見","已校（底本×校本同見）"
"乳","n110","見","已校（底本×校本同見）"
"腎","n110","見","已校（底本×校本同見）"
"陰","n110","見","已校（底本×校本同見）"
"戶","n110","未見","校本未見（存疑）"
"膝","n110","見","已校（底本×校本同見）"
"溺","n110","見","已校（底本×校本同見）"
"血","n110","見","已校（底本×校本同見）"
"茶湯","n110","見","已校（底本×校本同見）"
"水果","n110","見","已校（底本×校本同見）"
"靴","n110","見","已校（底本×校本同見）"
"鞵易","n110","未見","校本未見（存疑）"
"雨襯","n110","未見","校本未見（存疑）"
"傘","n110","見","已校（底本×校本同見）"
"雨","n111","見","已校（底本×校本同見）"
"琉璃","n111","見","已校（底本×校本同見）"
"水晶","n111","見","已校（底本×校本同見）"
"芭蕉","n111","見","已校（底本×校本同見）"
"鸞","n111","見","已校（底本×校本同見）"
"溝池","n111","見","已校（底本×校本同見）"
"鷗梟","n111","未見","校本未見（存疑）"
"灘渤","n111","未見","校本未見（存疑）"
"齒","n111","見","已校（底本×校本同見）"
"兕牛","n111","見","已校（底本×校本同見）"
"犀牛","n111","見","已校（底本×校本同見）"
"兎","n111","見","已校（底本×校本同見）"
"狐","n111","見","已校（底本×校本同見）"
"足","n111","見","已校（底本×校本同見）"
"屐","n111","未見","校本未見（存疑）"
"螺","n111","見","已校（底本×校本同見）"
"漿","n111","見","已校（底本×校本同見）"
"鼇","n111","見","已校（底本×校本同見）"
"鼈","n111","見","已校（底本×校本同見）"
"蜘蛛","n111","見","已校（底本×校本同見）"
"蝌蚪","n111","未見","校本未見（存疑）"
"珠","n111","見","已校（底本×校本同見）"
"楊柳","n111","見","已校（底本×校本同見）"
"猩猩","n111","見","已校（底本×校本同見）"
"鳧鷗","n111","未見","校本未見（存疑）"
"鷂鷹","n111","未見","校本未見（存疑）"
"獺","n111","見","已校（底本×校本同見）"
"蛤蚌","n112","見","已校（底本×校本同見）"
"貓","n112","見","已校（底本×校本同見）"
"蚯蚓","n112","見","已校（底本×校本同見）"
"鳥","n112","未見","校本未見（存疑）"
"鼉","n112","見","已校（底本×校本同見）"
"蠅","n112","見","已校（底本×校本同見）"
"黑色","n112","見","已校（底本×校本同見）"
