頁,部類,臟／類,欄題,序(自右至左),條目
"n98","卷二十四・名物表","腎屬之事","腎屬之事 不盡類推","1","拜揖"
"n98","卷二十四・名物表","腎屬之事","腎屬之事 不盡類推","2","行步"
"n98","卷二十四・名物表","腎屬之事","腎屬之事 不盡類推","3","墜墮"
"n98","卷二十四・名物表","腎屬之事","腎屬之事 不盡類推","4","盗發"
"n98","卷二十四・名物表","腎屬之事","腎屬之事 不盡類推","5","溺水"
"n98","卷二十四・名物表","腎屬之事","腎屬之事 不盡類推","6","涉水"
"n98","卷二十四・名物表","腎屬之事","腎屬之事 不盡類推","7","分別"
"n98","卷二十四・名物表","腎屬之事","腎屬之事 不盡類推","8","沐浴"
"n98","卷二十四・名物表","腎屬之事","腎屬之事 不盡類推","9","洩便"
"n98","卷二十四・名物表","腎屬之事","腎屬之事 不盡類推","10","娠孕"
"n98","卷二十四・名物表","腎屬之事","腎屬之事 不盡類推","11","灑掃"
"n98","卷二十四・名物表","腎屬之事","腎屬之事 不盡類推","12","盥洗"
"n98","卷二十四・名物表","腎屬之事","腎屬之事 不盡類推","13","遊玩"
"n98","卷二十四・名物表","腎屬之事","腎屬之事 不盡類推","14","寢臥"
"n98","卷二十四・名物表","腎屬之事","腎屬之事 不盡類推","15","汗濕"
"n98","卷二十四・名物表","腎屬之事","腎屬之事 不盡類推","16","磨碾"
"n98","卷二十四・名物表","腎屬之事","腎屬之事 不盡類推","17","淘汰"
"n98","卷二十四・名物表","腎屬之事","腎屬之事 不盡類推","18","臨釣"
"n98","卷二十四・名物表","腎屬之事","腎屬之事 不盡類推","19","服役"
"n98","卷二十四・名物表","腎屬之事","腎屬之事 不盡類推","20","染采"
"n98","卷二十四・名物表","腎屬之事","腎屬之事 不盡類推","21","駕舟"
"n99","卷二十四・名物表","肝屬之物","肝屬之物 不盡類推","1","風"
"n99","卷二十四・名物表","肝屬之物","肝屬之物 不盡類推","2","雷"
"n99","卷二十四・名物表","肝屬之物","肝屬之物 不盡類推","3","橋"
"n99","卷二十四・名物表","肝屬之物","肝屬之物 不盡類推","4","林木"
"n99","卷二十四・名物表","肝屬之物","肝屬之物 不盡類推","5","小兒"
"n99","卷二十四・名物表","肝屬之物","肝屬之物 不盡類推","6","書籍"
"n99","卷二十四・名物表","肝屬之物","肝屬之物 不盡類推","7","紙筆"
"n99","卷二十四・名物表","肝屬之物","肝屬之物 不盡類推","8","頭"
"n99","卷二十四・名物表","肝屬之物","肝屬之物 不盡類推","9","眼目"
"n99","卷二十四・名物表","肝屬之物","肝屬之物 不盡類推","10","肝膽"
"n99","卷二十四・名物表","肝屬之物","肝屬之物 不盡類推","11","手"
"n99","卷二十四・名物表","肝屬之物","肝屬之物 不盡類推","12","鬚髮"
"n99","卷二十四・名物表","肝屬之物","肝屬之物 不盡類推","13","穀食"
"n99","卷二十四・名物表","肝屬之物","肝屬之物 不盡類推","14","蔬菜"
"n99","卷二十四・名物表","肝屬之物","肝屬之物 不盡類推","15","冠巾"
"n99","卷二十四・名物表","肝屬之物","肝屬之物 不盡類推","16","帽"
"n99","卷二十四・名物表","肝屬之物","肝屬之物 不盡類推","17","笄"
"n99","卷二十四・名物表","肝屬之物","肝屬之物 不盡類推","18","布帛"
"n99","卷二十四・名物表","肝屬之物","肝屬之物 不盡類推","19","絹絹"
"n99","卷二十四・名物表","肝屬之物","肝屬之物 不盡類推","20","繡絮"
"n99","卷二十四・名物表","肝屬之物","肝屬之物 不盡類推","21","衾"
"n99","卷二十四・名物表","肝屬之物","肝屬之物 不盡類推","22","帷"
"n99","卷二十四・名物表","肝屬之物","肝屬之物 不盡類推","23","樓閣"
"n99","卷二十四・名物表","肝屬之物","肝屬之物 不盡類推","24","倉廒"
"n99","卷二十四・名物表","肝屬之物","肝屬之物 不盡類推","25","亭臺"
"n99","卷二十四・名物表","肝屬之物","肝屬之物 不盡類推","26","廰戶"
"n99","卷二十四・名物表","肝屬之物","肝屬之物 不盡類推","27","棟梁"
"n100","卷二十四・名物表（肝屬之物續）","（承前","（承前 肝屬之物）","1","車"
"n100","卷二十四・名物表（肝屬之物續）","（承前","（承前 肝屬之物）","2","舟楫"
"n100","卷二十四・名物表（肝屬之物續）","（承前","（承前 肝屬之物）","3","弓矢"
"n100","卷二十四・名物表（肝屬之物續）","（承前","（承前 肝屬之物）","4","鹵簿"
"n100","卷二十四・名物表（肝屬之物續）","（承前","（承前 肝屬之物）","5","邊豆"
"n100","卷二十四・名物表（肝屬之物續）","（承前","（承前 肝屬之物）","6","桌"
"n100","卷二十四・名物表（肝屬之物續）","（承前","（承前 肝屬之物）","7","鼓"
"n100","卷二十四・名物表（肝屬之物續）","（承前","（承前 肝屬之物）","8","木魚"
"n100","卷二十四・名物表（肝屬之物續）","（承前","（承前 肝屬之物）","9","板"
"n100","卷二十四・名物表（肝屬之物續）","（承前","（承前 肝屬之物）","10","篪"
"n100","卷二十四・名物表（肝屬之物續）","（承前","（承前 肝屬之物）","11","犂"
"n100","卷二十四・名物表（肝屬之物續）","（承前","（承前 肝屬之物）","12","機梭"
"n100","卷二十四・名物表（肝屬之物續）","（承前","（承前 肝屬之物）","13","筐篚"
"n100","卷二十四・名物表（肝屬之物續）","（承前","（承前 肝屬之物）","14","梳櫛"
"n100","卷二十四・名物表（肝屬之物續）","（承前","（承前 肝屬之物）","15","規矩"
"n100","卷二十四・名物表（肝屬之物續）","（承前","（承前 肝屬之物）","16","網羅"
"n100","卷二十四・名物表（肝屬之物續）","（承前","（承前 肝屬之物）","17","衡"
"n100","卷二十四・名物表（肝屬之物續）","（承前","（承前 肝屬之物）","18","釣綸"
"n100","卷二十四・名物表（肝屬之物續）","（承前","（承前 肝屬之物）","19","梏"
"n100","卷二十四・名物表（肝屬之物續）","（承前","（承前 肝屬之物）","20","杏"
"n100","卷二十四・名物表（肝屬之物續）","（承前","（承前 肝屬之物）","21","李"
"n100","卷二十四・名物表（肝屬之物續）","（承前","（承前 肝屬之物）","22","梅"
"n100","卷二十四・名物表（肝屬之物續）","（承前","（承前 肝屬之物）","23","桃"
"n100","卷二十四・名物表（肝屬之物續）","（承前","（承前 肝屬之物）","24","蘆"
"n100","卷二十四・名物表（肝屬之物續）","（承前","（承前 肝屬之物）","25","薘麻"
"n100","卷二十四・名物表（肝屬之物續）","（承前","（承前 肝屬之物）","26","榆"
"n100","卷二十四・名物表（肝屬之物續）","（承前","（承前 肝屬之物）","27","梓"
"n100","卷二十四・名物表（肝屬之物續）","（承前","（承前 肝屬之物）","28","杉"
"n100","卷二十四・名物表（肝屬之物續）","（承前","（承前 肝屬之物）","29","檜"
"n100","卷二十四・名物表（肝屬之物續）","（承前","（承前 肝屬之物）","30","檟"
"n101","卷二十四・名物表（肝屬之物續・末）","（承前","（承前 肝屬之物）","1","孔雀"
"n101","卷二十四・名物表（肝屬之物續・末）","（承前","（承前 肝屬之物）","2","鶯"
"n101","卷二十四・名物表（肝屬之物續・末）","（承前","（承前 肝屬之物）","3","鸞"
"n101","卷二十四・名物表（肝屬之物續・末）","（承前","（承前 肝屬之物）","4","鷓鴣"
"n101","卷二十四・名物表（肝屬之物續・末）","（承前","（承前 肝屬之物）","5","燕勝"
"n101","卷二十四・名物表（肝屬之物續・末）","（承前","（承前 肝屬之物）","6","麟"
"n101","卷二十四・名物表（肝屬之物續・末）","（承前","（承前 肝屬之物）","7","象"
"n101","卷二十四・名物表（肝屬之物續・末）","（承前","（承前 肝屬之物）","8","獅子"
"n101","卷二十四・名物表（肝屬之物續・末）","（承前","（承前 肝屬之物）","9","狼"
"n101","卷二十四・名物表（肝屬之物續・末）","（承前","（承前 肝屬之物）","10","犴"
"n101","卷二十四・名物表（肝屬之物續・末）","（承前","（承前 肝屬之物）","11","蛟"
"n101","卷二十四・名物表（肝屬之物續・末）","（承前","（承前 肝屬之物）","12","魚"
"n101","卷二十四・名物表（肝屬之物續・末）","（承前","（承前 肝屬之物）","13","鼈"
"n101","卷二十四・名物表（肝屬之物續・末）","（承前","（承前 肝屬之物）","14","蠶"
"n101","卷二十四・名物表（肝屬之物續・末）","（承前","（承前 肝屬之物）","15","蝶"
"n101","卷二十四・名物表（肝屬之物續・末）","（承前","（承前 肝屬之物）","16","蛾子"
"n101","卷二十四・名物表（肝屬之物續・末）","（承前","（承前 肝屬之物）","17","蟲蚓"
"n101","卷二十四・名物表（肝屬之物續・末）","（承前","（承前 肝屬之物）","18","東方"
"n101","卷二十四・名物表（肝屬之物續・末）","（承前","（承前 肝屬之物）","19","青色"
"n102","卷二十四・名物表","心屬之物","心屬之物 不盡類推","1","日月"
"n102","卷二十四・名物表","心屬之物","心屬之物 不盡類推","2","星斗"
"n102","卷二十四・名物表","心屬之物","心屬之物 不盡類推","3","雲霞"
"n102","卷二十四・名物表","心屬之物","心屬之物 不盡類推","4","閃電"
"n102","卷二十四・名物表","心屬之物","心屬之物 不盡類推","5","霹靂"
"n102","卷二十四・名物表","心屬之物","心屬之物 不盡類推","6","煙霧"
"n102","卷二十四・名物表","心屬之物","心屬之物 不盡類推","7","火光"
"n102","卷二十四・名物表","心屬之物","心屬之物 不盡類推","8","帝王"
"n102","卷二十四・名物表","心屬之物","心屬之物 不盡類推","9","神聖"
"n102","卷二十四・名物表","心屬之物","心屬之物 不盡類推","10","舌"
"n102","卷二十四・名物表","心屬之物","心屬之物 不盡類推","11","心"
"n102","卷二十四・名物表","心屬之物","心屬之物 不盡類推","12","酒"
"n102","卷二十四・名物表","心屬之物","心屬之物 不盡類推","13","肉食"
"n102","卷二十四・名物表","心屬之物","心屬之物 不盡類推","14","冕旒"
"n102","卷二十四・名物表","心屬之物","心屬之物 不盡類推","15","龍袞"
"n102","卷二十四・名物表","心屬之物","心屬之物 不盡類推","16","黼黻"
"n102","卷二十四・名物表","心屬之物","心屬之物 不盡類推","17","緋袍"
"n102","卷二十四・名物表","心屬之物","心屬之物 不盡類推","18","鳳冠"
"n102","卷二十四・名物表","心屬之物","心屬之物 不盡類推","19","塔"
"n102","卷二十四・名物表","心屬之物","心屬之物 不盡類推","20","殿閣"
"n102","卷二十四・名物表","心屬之物","心屬之物 不盡類推","21","竈"
"n102","卷二十四・名物表","心屬之物","心屬之物 不盡類推","22","廐"
"n102","卷二十四・名物表","心屬之物","心屬之物 不盡類推","23","寺觀"
"n102","卷二十四・名物表","心屬之物","心屬之物 不盡類推","24","輪輻"
"n102","卷二十四・名物表","心屬之物","心屬之物 不盡類推","25","碾"
"n102","卷二十四・名物表","心屬之物","心屬之物 不盡類推","26","琴瑟"
"n102","卷二十四・名物表","心屬之物","心屬之物 不盡類推","27","風車"
"n103","卷二十四・名物表（心屬之物續）","（承前","（承前 心屬之物）","1","繩索"
"n103","卷二十四・名物表（心屬之物續）","（承前","（承前 心屬之物）","2","珊瑚"
"n103","卷二十四・名物表（心屬之物續）","（承前","（承前 心屬之物）","3","琥珀"
"n103","卷二十四・名物表（心屬之物續）","（承前","（承前 心屬之物）","4","硃砂"
"n103","卷二十四・名物表（心屬之物續）","（承前","（承前 心屬之物）","5","牡丹"
"n103","卷二十四・名物表（心屬之物續）","（承前","（承前 心屬之物）","6","榴"
"n103","卷二十四・名物表（心屬之物續）","（承前","（承前 心屬之物）","7","葵"
"n103","卷二十四・名物表（心屬之物續）","（承前","（承前 心屬之物）","8","蓮"
"n103","卷二十四・名物表（心屬之物續）","（承前","（承前 心屬之物）","9","松"
"n103","卷二十四・名物表（心屬之物續）","（承前","（承前 心屬之物）","10","楓"
"n103","卷二十四・名物表（心屬之物續）","（承前","（承前 心屬之物）","11","棗"
"n103","卷二十四・名物表（心屬之物續）","（承前","（承前 心屬之物）","12","栗"
"n103","卷二十四・名物表（心屬之物續）","（承前","（承前 心屬之物）","13","鳳"
"n103","卷二十四・名物表（心屬之物續）","（承前","（承前 心屬之物）","14","鸛鶖"
"n103","卷二十四・名物表（心屬之物續）","（承前","（承前 心屬之物）","15","鵬"
"n103","卷二十四・名物表（心屬之物續）","（承前","（承前 心屬之物）","16","鵲"
"n103","卷二十四・名物表（心屬之物續）","（承前","（承前 心屬之物）","17","猴"
"n103","卷二十四・名物表（心屬之物續）","（承前","（承前 心屬之物）","18","雉"
"n103","卷二十四・名物表（心屬之物續）","（承前","（承前 心屬之物）","19","雞"
"n103","卷二十四・名物表（心屬之物續）","（承前","（承前 心屬之物）","20","馬"
"n103","卷二十四・名物表（心屬之物續）","（承前","（承前 心屬之物）","21","蛇"
"n103","卷二十四・名物表（心屬之物續）","（承前","（承前 心屬之物）","22","鼠"
"n103","卷二十四・名物表（心屬之物續）","（承前","（承前 心屬之物）","23","獅"
"n103","卷二十四・名物表（心屬之物續）","（承前","（承前 心屬之物）","24","虎"
"n103","卷二十四・名物表（心屬之物續）","（承前","（承前 心屬之物）","25","鹿"
"n103","卷二十四・名物表（心屬之物續）","（承前","（承前 心屬之物）","26","熊"
"n103","卷二十四・名物表（心屬之物續）","（承前","（承前 心屬之物）","27","豕"
"n103","卷二十四・名物表（心屬之物續）","（承前","（承前 心屬之物）","28","龜"
"n103","卷二十四・名物表（心屬之物續）","（承前","（承前 心屬之物）","29","蜂蟻"
"n103","卷二十四・名物表（心屬之物續）","（承前","（承前 心屬之物）","30","螢"
"n104","卷二十四・名物表（心屬之物續・末）","（承前","（承前 心屬之物）","1","蜈蚣"
"n104","卷二十四・名物表（心屬之物續・末）","（承前","（承前 心屬之物）","2","南方"
"n104","卷二十四・名物表（心屬之物續・末）","（承前","（承前 心屬之物）","3","赤色"
"n104","卷二十四・名物表（心屬之物續・末）","（承前","（承前 心屬之物）","4","橋梁"
"n104","卷二十四・名物表（心屬之物續・末）","（承前","（承前 心屬之物）","5","洪濤"
"n104","卷二十四・名物表（心屬之物續・末）","（承前","（承前 心屬之物）","6","巨艦"
"n104","卷二十四・名物表（心屬之物續・末）","（承前","（承前 心屬之物）","7","虹霓"
"n104","卷二十四・名物表（心屬之物續・末）","（承前","（承前 心屬之物）","8","峻嶺"
"n104","卷二十四・名物表（心屬之物續・末）","（承前","（承前 心屬之物）","9","爆竹"
"n104","卷二十四・名物表（心屬之物續・末）","（承前","（承前 心屬之物）","10","烟火"
"n104","卷二十四・名物表（心屬之物續・末）","（承前","（承前 心屬之物）","11","檀麝"
"n105","卷二十四・名物表","脾屬之物","脾屬之物 不盡類推","1","星"
"n105","卷二十四・名物表","脾屬之物","脾屬之物 不盡類推","2","地土"
"n105","卷二十四・名物表","脾屬之物","脾屬之物 不盡類推","3","山"
"n105","卷二十四・名物表","脾屬之物","脾屬之物 不盡類推","4","城塞"
"n105","卷二十四・名物表","脾屬之物","脾屬之物 不盡類推","5","野"
"n105","卷二十四・名物表","脾屬之物","脾屬之物 不盡類推","6","岸堰"
"n105","卷二十四・名物表","脾屬之物","脾屬之物 不盡類推","7","路"
"n105","卷二十四・名物表","脾屬之物","脾屬之物 不盡類推","8","田"
"n105","卷二十四・名物表","脾屬之物","脾屬之物 不盡類推","9","苑囿"
"n105","卷二十四・名物表","脾屬之物","脾屬之物 不盡類推","10","圃"
"n105","卷二十四・名物表","脾屬之物","脾屬之物 不盡類推","11","墳墓"
"n105","卷二十四・名物表","脾屬之物","脾屬之物 不盡類推","12","身"
"n105","卷二十四・名物表","脾屬之物","脾屬之物 不盡類推","13","鼻"
"n105","卷二十四・名物表","脾屬之物","脾屬之物 不盡類推","14","腹"
"n105","卷二十四・名物表","脾屬之物","脾屬之物 不盡類推","15","脾胃"
"n105","卷二十四・名物表","脾屬之物","脾屬之物 不盡類推","16","腸"
"n105","卷二十四・名物表","脾屬之物","脾屬之物 不盡類推","17","臍"
"n105","卷二十四・名物表","脾屬之物","脾屬之物 不盡類推","18","臀"
"n105","卷二十四・名物表","脾屬之物","脾屬之物 不盡類推","19","糞"
"n105","卷二十四・名物表","脾屬之物","脾屬之物 不盡類推","20","珮紳"
"n105","卷二十四・名物表","脾屬之物","脾屬之物 不盡類推","21","帶"
"n105","卷二十四・名物表","脾屬之物","脾屬之物 不盡類推","22","笏"
"n105","卷二十四・名物表","脾屬之物","脾屬之物 不盡類推","23","宮闕"
"n105","卷二十四・名物表","脾屬之物","脾屬之物 不盡類推","24","庫藏"
"n105","卷二十四・名物表","脾屬之物","脾屬之物 不盡類推","25","礎石"
"n105","卷二十四・名物表","脾屬之物","脾屬之物 不盡類推","26","坑厠"
"n105","卷二十四・名物表","脾屬之物","脾屬之物 不盡類推","27","墻桅"
"n106","卷二十四・名物表（脾屬之物續・末）","（承前","（承前 脾屬之物）","1","墨"
"n106","卷二十四・名物表（脾屬之物續・末）","（承前","（承前 脾屬之物）","2","床榻"
"n106","卷二十四・名物表（脾屬之物續・末）","（承前","（承前 脾屬之物）","3","椅"
"n106","卷二十四・名物表（脾屬之物續・末）","（承前","（承前 脾屬之物）","4","石磬"
"n106","卷二十四・名物表（脾屬之物續・末）","（承前","（承前 脾屬之物）","5","甌缶"
"n106","卷二十四・名物表（脾屬之物續・末）","（承前","（承前 脾屬之物）","6","損"
"n106","卷二十四・名物表（脾屬之物續・末）","（承前","（承前 脾屬之物）","7","鞍轡"
"n106","卷二十四・名物表（脾屬之物續・末）","（承前","（承前 脾屬之物）","8","玉"
"n106","卷二十四・名物表（脾屬之物續・末）","（承前","（承前 脾屬之物）","9","寶石"
"n106","卷二十四・名物表（脾屬之物續・末）","（承前","（承前 脾屬之物）","10","貝"
"n106","卷二十四・名物表（脾屬之物續・末）","（承前","（承前 脾屬之物）","11","瑪瑙石"
"n106","卷二十四・名物表（脾屬之物續・末）","（承前","（承前 脾屬之物）","12","萱"
"n106","卷二十四・名物表（脾屬之物續・末）","（承前","（承前 脾屬之物）","13","草蔬"
"n106","卷二十四・名物表（脾屬之物續・末）","（承前","（承前 脾屬之物）","14","黍"
"n106","卷二十四・名物表（脾屬之物續・末）","（承前","（承前 脾屬之物）","15","禾"
"n106","卷二十四・名物表（脾屬之物續・末）","（承前","（承前 脾屬之物）","16","稷"
"n106","卷二十四・名物表（脾屬之物續・末）","（承前","（承前 脾屬之物）","17","穀"
"n106","卷二十四・名物表（脾屬之物續・末）","（承前","（承前 脾屬之物）","18","麥菽"
"n106","卷二十四・名物表（脾屬之物續・末）","（承前","（承前 脾屬之物）","19","鳥"
"n106","卷二十四・名物表（脾屬之物續・末）","（承前","（承前 脾屬之物）","20","鵝"
"n106","卷二十四・名物表（脾屬之物續・末）","（承前","（承前 脾屬之物）","21","駱"
"n106","卷二十四・名物表（脾屬之物續・末）","（承前","（承前 脾屬之物）","22","獐"
"n106","卷二十四・名物表（脾屬之物續・末）","（承前","（承前 脾屬之物）","23","駝"
"n106","卷二十四・名物表（脾屬之物續・末）","（承前","（承前 脾屬之物）","24","蟋蟀"
"n106","卷二十四・名物表（脾屬之物續・末）","（承前","（承前 脾屬之物）","25","蝠蠍"
"n106","卷二十四・名物表（脾屬之物續・末）","（承前","（承前 脾屬之物）","26","蚤"
"n106","卷二十四・名物表（脾屬之物續・末）","（承前","（承前 脾屬之物）","27","蜣螂"
"n106","卷二十四・名物表（脾屬之物續・末）","（承前","（承前 脾屬之物）","28","黃色"
"n106","卷二十四・名物表（脾屬之物續・末）","（承前","（承前 脾屬之物）","29","中央"
"n107","卷二十四・名物表","肺屬之物","肺屬之物 不盡類推","1","天"
"n107","卷二十四・名物表","肺屬之物","肺屬之物 不盡類推","2","石"
"n107","卷二十四・名物表","肺屬之物","肺屬之物 不盡類推","3","耳"
"n107","卷二十四・名物表","肺屬之物","肺屬之物 不盡類推","4","骨"
"n107","卷二十四・名物表","肺屬之物","肺屬之物 不盡類推","5","咽喉"
"n107","卷二十四・名物表","肺屬之物","肺屬之物 不盡類推","6","肺"
"n107","卷二十四・名物表","肺屬之物","肺屬之物 不盡類推","7","鏢鐧"
"n107","卷二十四・名物表","肺屬之物","肺屬之物 不盡類推","8","劒"
"n107","卷二十四・名物表","肺屬之物","肺屬之物 不盡類推","9","廳堂"
"n107","卷二十四・名物表","肺屬之物","肺屬之物 不盡類推","10","井"
"n107","卷二十四・名物表","肺屬之物","肺屬之物 不盡類推","11","鈕"
"n107","卷二十四・名物表","肺屬之物","肺屬之物 不盡類推","12","硯"
"n107","卷二十四・名物表","肺屬之物","肺屬之物 不盡類推","13","戟矛"
"n107","卷二十四・名物表","肺屬之物","肺屬之物 不盡類推","14","斧"
"n107","卷二十四・名物表","肺屬之物","肺屬之物 不盡類推","15","鍵"
"n107","卷二十四・名物表","肺屬之物","肺屬之物 不盡類推","16","爵"
"n107","卷二十四・名物表","肺屬之物","肺屬之物 不盡類推","17","銀盃"
"n107","卷二十四・名物表","肺屬之物","肺屬之物 不盡類推","18","瓦巵"
"n107","卷二十四・名物表","肺屬之物","肺屬之物 不盡類推","19","鐘磬"
"n107","卷二十四・名物表","肺屬之物","肺屬之物 不盡類推","20","笙芋"
"n107","卷二十四・名物表","肺屬之物","肺屬之物 不盡類推","21","簫管"
"n107","卷二十四・名物表","肺屬之物","肺屬之物 不盡類推","22","鏄銍"
"n107","卷二十四・名物表","肺屬之物","肺屬之物 不盡類推","23","鍬"
"n107","卷二十四・名物表","肺屬之物","肺屬之物 不盡類推","24","水車"
"n107","卷二十四・名物表","肺屬之物","肺屬之物 不盡類推","25","釵鈿"
"n107","卷二十四・名物表","肺屬之物","肺屬之物 不盡類推","26","口"
"n107","卷二十四・名物表","肺屬之物","肺屬之物 不盡類推","27","庭"
"n108","卷二十四・名物表（肺屬之物續）","（承前","（承前 肺屬之物）","1","斤鋸"
"n108","卷二十四・名物表（肺屬之物續）","（承前","（承前 肺屬之物）","2","鐸"
"n108","卷二十四・名物表（肺屬之物續）","（承前","（承前 肺屬之物）","3","鐃鈴"
"n108","卷二十四・名物表（肺屬之物續）","（承前","（承前 肺屬之物）","4","銀"
"n108","卷二十四・名物表（肺屬之物續）","（承前","（承前 肺屬之物）","5","銅"
"n108","卷二十四・名物表（肺屬之物續）","（承前","（承前 肺屬之物）","6","錫"
"n108","卷二十四・名物表（肺屬之物續）","（承前","（承前 肺屬之物）","7","鐵"
"n108","卷二十四・名物表（肺屬之物續）","（承前","（承前 肺屬之物）","8","錢"
"n108","卷二十四・名物表（肺屬之物續）","（承前","（承前 肺屬之物）","9","桂花"
"n108","卷二十四・名物表（肺屬之物續）","（承前","（承前 肺屬之物）","10","薇"
"n108","卷二十四・名物表（肺屬之物續）","（承前","（承前 肺屬之物）","11","菊花"
"n108","卷二十四・名物表（肺屬之物續）","（承前","（承前 肺屬之物）","12","竹"
"n108","卷二十四・名物表（肺屬之物續）","（承前","（承前 肺屬之物）","13","栢"
"n108","卷二十四・名物表（肺屬之物續）","（承前","（承前 肺屬之物）","14","槐"
"n108","卷二十四・名物表（肺屬之物續）","（承前","（承前 肺屬之物）","15","桑"
"n108","卷二十四・名物表（肺屬之物續）","（承前","（承前 肺屬之物）","16","瓜"
"n108","卷二十四・名物表（肺屬之物續）","（承前","（承前 肺屬之物）","17","鶴"
"n108","卷二十四・名物表（肺屬之物續）","（承前","（承前 肺屬之物）","18","鴻雁"
"n108","卷二十四・名物表（肺屬之物續）","（承前","（承前 肺屬之物）","19","鸛鴣"
"n108","卷二十四・名物表（肺屬之物續）","（承前","（承前 肺屬之物）","20","龍"
"n108","卷二十四・名物表（肺屬之物續）","（承前","（承前 肺屬之物）","21","牛"
"n108","卷二十四・名物表（肺屬之物續）","（承前","（承前 肺屬之物）","22","犬羊"
"n108","卷二十四・名物表（肺屬之物續）","（承前","（承前 肺屬之物）","23","蟹"
"n108","卷二十四・名物表（肺屬之物續）","（承前","（承前 肺屬之物）","24","鱸鱔"
"n108","卷二十四・名物表（肺屬之物續）","（承前","（承前 肺屬之物）","25","蚤"
"n108","卷二十四・名物表（肺屬之物續）","（承前","（承前 肺屬之物）","26","蝸牛"
"n108","卷二十四・名物表（肺屬之物續）","（承前","（承前 肺屬之物）","27","蛙"
"n108","卷二十四・名物表（肺屬之物續）","（承前","（承前 肺屬之物）","28","錐刀"
"n108","卷二十四・名物表（肺屬之物續）","（承前","（承前 肺屬之物）","29","匕首"
"n109","卷二十四・名物表（肺屬之物續・末）","（承前","（承前 肺屬之物）","1","耒耜"
"n109","卷二十四・名物表（肺屬之物續・末）","（承前","（承前 肺屬之物）","2","權"
"n109","卷二十四・名物表（肺屬之物續・末）","（承前","（承前 肺屬之物）","3","黃金"
"n109","卷二十四・名物表（肺屬之物續・末）","（承前","（承前 肺屬之物）","4","鉛"
"n109","卷二十四・名物表（肺屬之物續・末）","（承前","（承前 肺屬之物）","5","梧桐"
"n109","卷二十四・名物表（肺屬之物續・末）","（承前","（承前 肺屬之物）","6","蟬"
"n109","卷二十四・名物表（肺屬之物續・末）","（承前","（承前 肺屬之物）","7","蘭"
"n109","卷二十四・名物表（肺屬之物續・末）","（承前","（承前 肺屬之物）","8","鸚鵡"
"n109","卷二十四・名物表（肺屬之物續・末）","（承前","（承前 肺屬之物）","9","西方"
"n109","卷二十四・名物表（肺屬之物續・末）","（承前","（承前 肺屬之物）","10","萍藻"
"n109","卷二十四・名物表（肺屬之物續・末）","（承前","（承前 肺屬之物）","11","驟驢"
"n109","卷二十四・名物表（肺屬之物續・末）","（承前","（承前 肺屬之物）","12","白色"
